Number,H0 Cycles,H1 Cycles,H Cycles,Cycles,H0S0,H0S1,H0S2,H1S0,H1S1,H1S2,HS0,HS1,HS2
0,4456,4456,20052,28964,182,89,8,182,89,8,368,153,36
1,6684,8912,17267,32863,186,81,12,188,73,16,363,163,31
2,5013,6127,18381,29521,183,87,9,183,83,11,365,159,33
3,7798,11697,18938,38433,188,77,14,194,63,21,366,157,34
4,7241,7241,18381,32863,186,79,13,187,79,13,365,159,33
5,5570,8355,19495,33420,184,85,10,186,75,15,367,155,35
6,7241,5570,19495,32306,187,79,13,184,85,10,367,155,35
7,5570,5570,21723,32863,181,85,10,184,85,10,371,147,39
8,3899,5570,17267,26736,181,91,7,178,85,10,363,163,31
9,8355,4456,15039,27850,189,75,15,179,89,8,359,171,27
10,11140,9469,14482,35091,192,65,20,190,71,17,358,173,26
11,7798,5570,20052,33420,183,77,14,183,85,10,368,153,36
12,5570,6127,19495,31192,183,85,10,181,83,11,367,155,35
13,9469,7798,18938,36205,191,71,17,188,77,14,366,157,34
14,6684,5013,21723,33420,181,81,12,179,87,9,371,147,39
15,6684,8355,15039,30078,184,81,12,185,75,15,359,171,27
16,5570,9469,19495,34534,184,85,10,191,71,17,367,155,35
17,6684,7241,17267,31192,186,81,12,185,79,13,363,163,31
18,6684,7798,19495,33977,186,81,12,187,77,14,367,155,35
19,7798,5013,16153,28964,188,77,14,180,87,9,361,167,29
20,5570,7241,17267,30078,182,85,10,187,79,13,363,163,31
21,2228,5013,22280,29521,177,97,4,182,87,9,372,145,40
22,7798,6684,20609,35091,185,77,14,183,81,12,369,151,37
23,7798,6684,15596,30078,183,77,14,186,81,12,360,169,28
24,7798,6684,20609,35091,185,77,14,184,81,12,369,151,37
25,6684,7241,15039,28964,185,81,12,187,79,13,359,171,27
26,7798,7798,14482,30078,185,77,14,181,77,14,358,173,26
27,6127,4456,18381,28964,182,83,11,181,89,8,365,159,33
28,4456,8912,16710,30078,177,89,8,189,73,16,362,165,30
29,6127,7241,17824,31192,181,83,11,186,79,13,364,161,32
30,5570,7241,14482,27293,181,85,10,186,79,13,358,173,26
31,7241,11140,14482,32863,185,79,13,191,65,20,358,173,26
32,8912,7798,16153,32863,190,73,16,185,77,14,361,167,29
33,8912,8355,15596,32863,190,73,16,187,75,15,360,169,28
34,7241,6684,18381,32306,181,79,13,183,81,12,365,159,33
35,7798,8912,17267,33977,183,77,14,188,73,16,363,163,31
36,6127,3342,17267,26736,184,83,11,180,93,6,363,163,31
37,5013,4456,17267,26736,182,87,9,182,89,8,363,163,31
38,8355,10026,19495,37876,186,75,15,191,69,18,367,155,35
39,7241,7798,16710,31749,184,79,13,188,77,14,362,165,30
40,6127,8355,15596,30078,185,83,11,182,75,15,360,169,28
41,5570,8355,20609,34534,182,85,10,189,75,15,369,151,37
42,2785,5570,18381,26736,177,95,5,183,85,10,365,159,33
43,6684,7241,15039,28964,186,81,12,187,79,13,359,171,27
44,8912,6684,20052,35648,187,73,16,184,81,12,368,153,36
45,8912,7798,15039,31749,190,73,16,182,77,14,359,171,27
46,6684,6127,16710,29521,182,81,12,185,83,11,362,165,30
47,5013,9469,15596,30078,182,87,9,185,71,17,360,169,28
48,6684,6684,18381,31749,186,81,12,186,81,12,365,159,33
49,5013,6684,16710,28407,182,87,9,186,81,12,362,165,30
50,6684,7241,18938,32863,185,81,12,183,79,13,366,157,34
51,4456,7798,16153,28407,178,89,8,188,77,14,361,167,29
52,8912,5570,22837,37319,190,73,16,176,85,10,373,143,41
53,7241,5013,17267,29521,182,79,13,182,87,9,363,163,31
54,7241,7798,17824,32863,182,79,13,188,77,14,364,161,32
55,6684,2785,21723,31192,186,81,12,179,95,5,371,147,39
56,5570,10026,18381,33977,182,85,10,191,69,18,365,159,33
57,6684,8355,18938,33977,184,81,12,189,75,15,366,157,34
58,6127,7241,19495,32863,185,83,11,187,79,13,367,155,35
59,7241,7241,18938,33420,186,79,13,184,79,13,366,157,34
60,8355,8355,18938,35648,185,75,15,189,75,15,366,157,34
61,7798,6684,17267,31749,187,77,14,180,81,12,363,163,31
62,8912,7798,18938,35648,186,73,16,188,77,14,366,157,34
63,5570,3899,17824,27293,182,85,10,180,91,7,364,161,32
64,6684,5013,18938,30635,181,81,12,178,87,9,366,157,34
65,5013,9469,18381,32863,170,87,9,191,71,17,365,159,33
66,7241,8355,22837,38433,186,79,13,188,75,15,373,143,41
67,9469,6127,17824,33420,189,71,17,185,83,11,364,161,32
68,6684,4456,18381,29521,186,81,12,180,89,8,365,159,33
69,7798,6127,16710,30635,184,77,14,177,83,11,362,165,30
70,7241,6684,17824,31749,183,79,13,186,81,12,364,161,32
71,7798,10026,20052,37876,185,77,14,192,69,18,368,153,36
72,3342,6127,20052,29521,180,93,6,181,83,11,368,153,36
73,10583,9469,15039,35091,192,67,19,191,71,17,359,171,27
74,5570,4456,17824,27850,183,85,10,182,89,8,364,161,32
75,8355,6684,13925,28964,189,75,15,183,81,12,357,175,25
76,9469,5013,14482,28964,187,71,17,182,87,9,358,173,26
77,8355,8912,17267,34534,189,75,15,187,73,16,363,163,31
78,6684,7241,15039,28964,184,81,12,186,79,13,359,171,27
79,4456,5570,17824,27850,180,89,8,184,85,10,364,161,32
80,7241,5570,17824,30635,187,79,13,184,85,10,364,161,32
81,6127,8355,20052,34534,185,83,11,188,75,15,368,153,36
82,7241,8355,20052,35648,186,79,13,186,75,15,368,153,36
83,8355,7241,21166,36762,189,75,15,186,79,13,370,149,38
84,8355,7241,16153,31749,188,75,15,187,79,13,361,167,29
85,6127,10026,16710,32863,184,83,11,192,69,18,362,165,30
86,6684,7798,16710,31192,184,81,12,187,77,14,362,165,30
87,7241,6684,18381,32306,185,79,13,184,81,12,365,159,33
88,9469,6684,20609,36762,191,71,17,183,81,12,369,151,37
89,10026,5013,19495,34534,191,69,18,179,87,9,367,155,35
90,5570,3342,17824,26736,183,85,10,178,93,6,364,161,32
91,5570,8912,17824,32306,181,85,10,188,73,16,364,161,32
92,8912,7798,18381,35091,189,73,16,185,77,14,365,159,33
93,6127,4456,20609,31192,184,83,11,182,89,8,369,151,37
94,5013,7798,16710,29521,182,87,9,188,77,14,362,165,30
95,8355,7241,16710,32306,182,75,15,187,79,13,362,165,30
96,7798,7241,15039,30078,187,77,14,186,79,13,359,171,27
97,6127,6684,20052,32863,178,83,11,185,81,12,368,153,36
98,4456,7798,18938,31192,182,89,8,185,77,14,366,157,34
99,5570,7241,16710,29521,182,85,10,185,79,13,362,165,30
100,6684,3899,20609,31192,183,81,12,178,91,7,369,151,37
101,7241,6127,18938,32306,180,79,13,184,83,11,366,157,34
102,5570,6127,18381,30078,183,85,10,183,83,11,365,159,33
103,8355,8355,18938,35648,181,75,15,188,75,15,366,157,34
104,6684,8355,18381,33420,186,81,12,187,75,15,365,159,33
105,8355,8912,17824,35091,189,75,15,190,73,16,364,161,32
106,7798,6684,20609,35091,188,77,14,186,81,12,369,151,37
107,6684,7241,15596,29521,185,81,12,187,79,13,360,169,28
108,5570,7241,21166,33977,181,85,10,186,79,13,370,149,38
109,7241,6127,18381,31749,187,79,13,182,83,11,365,159,33
110,7241,6127,13368,26736,186,79,13,185,83,11,356,177,24
111,8355,7241,20052,35648,187,75,15,184,79,13,368,153,36
112,6127,10026,15039,31192,181,83,11,191,69,18,359,171,27
113,8912,8912,16153,33977,190,73,16,184,73,16,361,167,29
114,7241,5570,17267,30078,184,79,13,184,85,10,363,163,31
115,11697,7241,19495,38433,192,63,21,184,79,13,367,155,35
116,2785,6684,19495,28964,167,95,5,185,81,12,367,155,35
117,7798,4456,17267,29521,177,77,14,182,89,8,363,163,31
118,8355,9469,16710,34534,187,75,15,189,71,17,362,165,30
119,7241,7241,17267,31749,187,79,13,184,79,13,363,163,31
120,5570,5013,18381,28964,184,85,10,183,87,9,365,159,33
121,9469,10026,17824,37319,184,71,17,192,69,18,364,161,32
122,8355,8355,18938,35648,189,75,15,184,75,15,366,157,34
123,6127,9469,17267,32863,185,83,11,189,71,17,363,163,31
124,5570,5570,18938,30078,182,85,10,181,85,10,366,157,34
125,8912,10026,20052,38990,181,73,16,184,69,18,368,153,36
126,5013,6127,17267,28407,179,87,9,180,83,11,363,163,31
127,6684,8355,20052,35091,185,81,12,188,75,15,368,153,36
128,5013,7798,20052,32863,183,87,9,184,77,14,368,153,36
129,7241,5013,18938,31192,173,79,13,180,87,9,366,157,34
130,9469,5013,17824,32306,190,71,17,182,87,9,364,161,32
131,8355,10026,19495,37876,186,75,15,192,69,18,367,155,35
132,6127,6127,18381,30635,185,83,11,185,83,11,365,159,33
133,3899,7798,20609,32306,180,91,7,187,77,14,369,151,37
134,6684,7241,17267,31192,180,81,12,183,79,13,363,163,31
135,8912,9469,18938,37319,189,73,16,191,71,17,366,157,34
136,7241,5570,21723,34534,182,79,13,183,85,10,371,147,39
137,8355,5570,16710,30635,186,75,15,183,85,10,362,165,30
138,8355,4456,18381,31192,186,75,15,182,89,8,365,159,33
139,8355,7798,17267,33420,188,75,15,187,77,14,363,163,31
140,7241,10026,15039,32306,187,79,13,184,69,18,359,171,27
141,6127,8912,16710,31749,183,83,11,190,73,16,362,165,30
142,6127,8355,17824,32306,185,83,11,189,75,15,364,161,32
143,5013,7241,15596,27850,177,87,9,187,79,13,360,169,28
144,6684,12254,16710,35648,186,81,12,192,61,22,362,165,30
145,6127,8355,16710,31192,185,83,11,189,75,15,362,165,30
146,6127,6684,17824,30635,184,83,11,186,81,12,364,161,32
147,5570,7798,18938,32306,181,85,10,188,77,14,366,157,34
148,7798,7241,17824,32863,188,77,14,186,79,13,364,161,32
149,6127,8912,17824,32863,182,83,11,189,73,16,364,161,32
150,5570,6684,21166,33420,182,85,10,184,81,12,370,149,38
151,7798,7241,18381,33420,186,77,14,187,79,13,365,159,33
152,6127,7241,17267,30635,183,83,11,186,79,13,363,163,31
153,7798,3342,16153,27293,187,77,14,173,93,6,361,167,29
154,10583,6684,18381,35648,192,67,19,186,81,12,365,159,33
155,7241,7241,13925,28407,186,79,13,187,79,13,357,175,25
156,3899,10583,14482,28964,181,91,7,193,67,19,358,173,26
157,9469,10026,11697,31192,190,71,17,188,69,18,353,183,21
158,7241,7798,16710,31749,187,79,13,183,77,14,362,165,30
159,6127,8912,16710,31749,180,83,11,186,73,16,362,165,30
160,7798,7241,19495,34534,188,77,14,185,79,13,367,155,35
161,4456,8912,20052,33420,180,89,8,190,73,16,368,153,36
162,7241,7798,14482,29521,186,79,13,188,77,14,358,173,26
163,5013,7241,17267,29521,183,87,9,185,79,13,363,163,31
164,8355,5570,16153,30078,187,75,15,183,85,10,361,167,29
165,6684,7798,18381,32863,186,81,12,184,77,14,365,159,33
166,6684,1671,18381,26736,182,81,12,177,99,3,365,159,33
167,7241,8355,16153,31749,181,79,13,188,75,15,361,167,29
168,6127,8355,15596,30078,183,83,11,189,75,15,360,169,28
169,7798,6127,18938,32863,188,77,14,184,83,11,366,157,34
170,5570,10583,21723,37876,184,85,10,189,67,19,371,147,39
171,6127,7241,17267,30635,181,83,11,186,79,13,363,163,31
172,7241,5013,18938,31192,182,79,13,183,87,9,366,157,34
173,7241,7241,19495,33977,187,79,13,187,79,13,367,155,35
174,7241,7798,18938,33977,183,79,13,186,77,14,366,157,34
175,7241,7241,15039,29521,185,79,13,187,79,13,359,171,27
176,5570,5570,21166,32306,182,85,10,184,85,10,370,149,38
177,6684,8355,18938,33977,182,81,12,186,75,15,366,157,34
178,6684,7798,21166,35648,185,81,12,184,77,14,370,149,38
179,2785,3899,18381,25065,164,95,5,178,91,7,365,159,33
180,7241,7241,20052,34534,185,79,13,186,79,13,368,153,36
181,4456,6684,16710,27850,182,89,8,179,81,12,362,165,30
182,6127,7798,21723,35648,185,83,11,182,77,14,371,147,39
183,8355,6127,17824,32306,188,75,15,183,83,11,364,161,32
184,4456,7241,22280,33977,174,89,8,187,79,13,372,145,40
185,6684,9469,17267,33420,186,81,12,189,71,17,363,163,31
186,3899,6127,19495,29521,181,91,7,183,83,11,367,155,35
187,10583,7798,21166,39547,191,67,19,187,77,14,370,149,38
188,6684,5013,20609,32306,185,81,12,183,87,9,369,151,37
189,8355,8355,18938,35648,180,75,15,182,75,15,366,157,34
190,6684,5570,17267,29521,186,81,12,183,85,10,363,163,31
191,7798,8355,17824,33977,182,77,14,189,75,15,364,161,32
192,5570,8912,20052,34534,184,85,10,179,73,16,368,153,36
193,7241,9469,18381,35091,183,79,13,190,71,17,365,159,33
194,7241,5013,16153,28407,181,79,13,182,87,9,361,167,29
195,6127,7241,18938,32306,182,83,11,187,79,13,366,157,34
196,6127,3899,18381,28407,185,83,11,180,91,7,365,159,33
197,5570,5570,17824,28964,184,85,10,180,85,10,364,161,32
198,5013,6127,16153,27293,183,87,9,185,83,11,361,167,29
199,10026,12254,16153,38433,187,69,18,193,61,22,361,167,29
200,5570,7241,13368,26179,183,85,10,185,79,13,356,177,24
201,10026,8355,14482,32863,180,69,18,187,75,15,358,173,26
202,7798,6127,15596,29521,188,77,14,183,83,11,360,169,28
203,6684,6127,13368,26179,181,81,12,179,83,11,356,177,24
204,7798,6127,18938,32863,185,77,14,182,83,11,366,157,34
205,11697,5013,21723,38433,194,63,21,182,87,9,371,147,39
206,10026,6127,16153,32306,188,69,18,181,83,11,361,167,29
207,6127,5013,15596,26736,184,83,11,175,87,9,360,169,28
208,10026,8912,17824,36762,192,69,18,185,73,16,364,161,32
209,5570,7798,18938,32306,182,85,10,185,77,14,366,157,34
210,5570,8912,17824,32306,184,85,10,184,73,16,364,161,32
211,7241,8912,16153,32306,187,79,13,180,73,16,361,167,29
212,11140,6127,14482,31749,194,65,20,183,83,11,358,173,26
213,7241,5013,17824,30078,187,79,13,181,87,9,364,161,32
214,8355,7241,20609,36205,188,75,15,178,79,13,369,151,37
215,7241,8355,15039,30635,185,79,13,184,75,15,359,171,27
216,7798,6127,17267,31192,185,77,14,180,83,11,363,163,31
217,9469,8912,15596,33977,189,71,17,190,73,16,360,169,28
218,8912,7798,16153,32863,189,73,16,188,77,14,361,167,29
219,8912,9469,19495,37876,186,73,16,188,71,17,367,155,35
220,6684,6127,14482,27293,179,81,12,185,83,11,358,173,26
221,5013,10583,15596,31192,182,87,9,193,67,19,360,169,28
222,5013,7241,17824,30078,177,87,9,186,79,13,364,161,32
223,6684,6684,20609,33977,185,81,12,185,81,12,369,151,37
224,10026,7241,18938,36205,191,69,18,186,79,13,366,157,34
225,3342,8355,13368,25065,180,93,6,184,75,15,356,177,24
226,7798,10026,20609,38433,185,77,14,191,69,18,369,151,37
227,7798,4456,20052,32306,187,77,14,182,89,8,368,153,36
228,7241,3342,21166,31749,177,79,13,179,93,6,370,149,38
229,7798,7798,16153,31749,188,77,14,187,77,14,361,167,29
230,7798,7241,18938,33977,186,77,14,187,79,13,366,157,34
231,4456,8912,18938,32306,181,89,8,190,73,16,366,157,34
232,7798,5570,17267,30635,188,77,14,183,85,10,363,163,31
233,6684,6684,21166,34534,186,81,12,184,81,12,370,149,38
234,6127,7798,16153,30078,184,83,11,184,77,14,361,167,29
235,10026,1671,18381,30078,190,69,18,177,99,3,365,159,33
236,7798,3899,15596,27293,179,77,14,178,91,7,360,169,28
237,3899,5570,20609,30078,181,91,7,183,85,10,369,151,37
238,5570,8912,15039,29521,184,85,10,186,73,16,359,171,27
239,6684,7241,21723,35648,186,81,12,184,79,13,371,147,39
240,5013,7798,22837,35648,180,87,9,183,77,14,373,143,41
241,8355,7798,17824,33977,186,75,15,188,77,14,364,161,32
242,5013,5013,18938,28964,178,87,9,183,87,9,366,157,34
243,6127,7798,19495,33420,185,83,11,186,77,14,367,155,35
244,6684,10026,20609,37319,185,81,12,191,69,18,369,151,37
245,4456,7241,17267,28964,182,89,8,174,79,13,363,163,31
246,7241,7798,19495,34534,187,79,13,188,77,14,367,155,35
247,10583,7241,18938,36762,191,67,19,187,79,13,366,157,34
248,5013,8355,20609,33977,175,87,9,189,75,15,369,151,37
249,6127,7241,17267,30635,184,83,11,187,79,13,363,163,31
250,6127,6127,19495,31749,181,83,11,182,83,11,367,155,35
251,6127,5570,22837,34534,184,83,11,183,85,10,373,143,41
252,7798,6127,21166,35091,186,77,14,185,83,11,370,149,38
253,6684,7241,13368,27293,181,81,12,186,79,13,356,177,24
254,7798,6684,21166,35648,184,77,14,175,81,12,370,149,38
255,6127,8355,18938,33420,184,83,11,185,75,15,366,157,34
256,7241,7798,19495,34534,185,79,13,187,77,14,367,155,35
257,7241,6684,15039,28964,182,79,13,183,81,12,359,171,27
258,6684,6127,18381,31192,182,81,12,184,83,11,365,159,33
259,8355,3899,20052,32306,187,75,15,180,91,7,368,153,36
260,5570,9469,13368,28407,181,85,10,190,71,17,356,177,24
261,9469,8355,20052,37876,191,71,17,188,75,15,368,153,36
262,8355,9469,14482,32306,188,75,15,186,71,17,358,173,26
263,9469,4456,21723,35648,191,71,17,181,89,8,371,147,39
264,8355,7798,16710,32863,188,75,15,185,77,14,362,165,30
265,7798,6684,16710,31192,187,77,14,186,81,12,362,165,30
266,7241,5013,20609,32863,184,79,13,179,87,9,369,151,37
267,7798,7241,18938,33977,173,77,14,185,79,13,366,157,34
268,2785,3899,19495,26179,178,95,5,181,91,7,367,155,35
269,3899,7241,19495,30635,174,91,7,187,79,13,367,155,35
270,6127,5570,16153,27850,185,83,11,179,85,10,361,167,29
271,4456,6127,16153,26736,181,89,8,183,83,11,361,167,29
272,6684,7798,17824,32306,186,81,12,176,77,14,364,161,32
273,4456,10026,14482,28964,178,89,8,188,69,18,358,173,26
274,7241,6127,15039,28407,187,79,13,185,83,11,359,171,27
275,5013,6684,17267,28964,181,87,9,184,81,12,363,163,31
276,5570,6684,15039,27293,184,85,10,185,81,12,359,171,27
277,2228,8355,15596,26179,176,97,4,188,75,15,360,169,28
278,7241,7241,14482,28964,187,79,13,186,79,13,358,173,26
279,3899,5570,21166,30635,178,91,7,175,85,10,370,149,38
280,9469,7241,18938,35648,191,71,17,186,79,13,366,157,34
281,7241,8912,20052,36205,186,79,13,189,73,16,368,153,36
282,6684,8355,20609,35648,183,81,12,189,75,15,369,151,37
283,8912,7241,17824,33977,185,73,16,186,79,13,364,161,32
284,11697,5013,17267,33977,195,63,21,178,87,9,363,163,31
285,5013,10026,16153,31192,183,87,9,183,69,18,361,167,29
286,3899,8912,18938,31749,178,91,7,189,73,16,366,157,34
287,7241,8355,16710,32306,185,79,13,188,75,15,362,165,30
288,5570,5013,19495,30078,182,85,10,178,87,9,367,155,35
289,7798,7241,17824,32863,184,77,14,184,79,13,364,161,32
290,6684,4456,21166,32306,186,81,12,181,89,8,370,149,38
291,6684,7241,17824,31749,185,81,12,182,79,13,364,161,32
292,6684,6127,17824,30635,184,81,12,182,83,11,364,161,32
293,4456,6684,18381,29521,182,89,8,181,81,12,365,159,33
294,7241,6684,17824,31749,187,79,13,184,81,12,364,161,32
295,6127,6684,16710,29521,185,83,11,186,81,12,362,165,30
296,6684,5570,20052,32306,181,81,12,183,85,10,368,153,36
297,7241,7241,15596,30078,187,79,13,186,79,13,360,169,28
298,5570,5570,15596,26736,184,85,10,181,85,10,360,169,28
299,5013,7241,18938,31192,179,87,9,186,79,13,366,157,34
300,6684,4456,17824,28964,186,81,12,182,89,8,364,161,32
301,8355,8355,15596,32306,188,75,15,188,75,15,360,169,28
302,8355,6684,17267,32306,189,75,15,186,81,12,363,163,31
303,6684,7798,13368,27850,183,81,12,188,77,14,356,177,24
304,8912,7798,17267,33977,190,73,16,185,77,14,363,163,31
305,5013,5570,23394,33977,177,87,9,181,85,10,374,141,42
306,7798,8355,20052,36205,188,77,14,188,75,15,368,153,36
307,10026,7798,17267,35091,187,69,18,188,77,14,363,163,31
308,2785,7241,20052,30078,179,95,5,181,79,13,368,153,36
309,7241,6127,19495,32863,187,79,13,183,83,11,367,155,35
310,6684,7241,15596,29521,185,81,12,185,79,13,360,169,28
311,7798,7798,16153,31749,188,77,14,186,77,14,361,167,29
312,4456,6684,16153,27293,182,89,8,185,81,12,361,167,29
313,7798,5013,15596,28407,188,77,14,183,87,9,360,169,28
314,7241,7241,15596,30078,184,79,13,186,79,13,360,169,28
315,8912,6127,16153,31192,189,73,16,181,83,11,361,167,29
316,6684,7798,21166,35648,183,81,12,186,77,14,370,149,38
317,9469,6127,20052,35648,190,71,17,183,83,11,368,153,36
318,7798,8355,17824,33977,188,77,14,184,75,15,364,161,32
319,9469,6684,17267,33420,191,71,17,183,81,12,363,163,31
320,5013,8912,19495,33420,182,87,9,185,73,16,367,155,35
321,6684,3899,17267,27850,185,81,12,154,91,7,363,163,31
322,5013,6127,16710,27850,183,87,9,184,83,11,362,165,30
323,5570,5013,18381,28964,184,85,10,183,87,9,365,159,33
324,6684,6127,18938,31749,184,81,12,182,83,11,366,157,34
325,5013,6684,18938,30635,183,87,9,184,81,12,366,157,34
326,5570,6684,16710,28964,184,85,10,185,81,12,362,165,30
327,6684,7241,17824,31749,186,81,12,187,79,13,364,161,32
328,7798,8912,20609,37319,188,77,14,189,73,16,369,151,37
329,6684,8912,16153,31749,185,81,12,183,73,16,361,167,29
330,7798,5013,19495,32306,183,77,14,181,87,9,367,155,35
331,9469,5013,17824,32306,179,71,17,182,87,9,364,161,32
332,7241,5013,16153,28407,186,79,13,179,87,9,361,167,29
333,5013,5013,16710,26736,179,87,9,182,87,9,362,165,30
334,6684,7798,18938,33420,184,81,12,185,77,14,366,157,34
335,8912,6684,14482,30078,188,73,16,185,81,12,358,173,26
336,4456,7241,18381,30078,174,89,8,187,79,13,365,159,33
337,6127,8355,15596,30078,184,83,11,189,75,15,360,169,28
338,6684,7798,15596,30078,186,81,12,185,77,14,360,169,28
339,8912,7798,19495,36205,190,73,16,186,77,14,367,155,35
340,9469,8912,17824,36205,191,71,17,190,73,16,364,161,32
341,10026,6684,16710,33420,189,69,18,186,81,12,362,165,30
342,5013,6684,19495,31192,181,87,9,182,81,12,367,155,35
343,5013,6684,21723,33420,177,87,9,186,81,12,371,147,39
344,7241,7798,16153,31192,184,79,13,188,77,14,361,167,29
345,7798,6127,17824,31749,188,77,14,181,83,11,364,161,32
346,5570,3899,19495,28964,183,85,10,181,91,7,367,155,35
347,5570,9469,21723,36762,184,85,10,191,71,17,371,147,39
348,8912,5013,17267,31192,189,73,16,183,87,9,363,163,31
349,6127,5013,15596,26736,182,83,11,181,87,9,360,169,28
350,5570,8355,21166,35091,183,85,10,187,75,15,370,149,38
351,6127,5570,15596,27293,182,83,11,180,85,10,360,169,28
352,11140,3899,17267,32306,192,65,20,175,91,7,363,163,31
353,7798,9469,17267,34534,174,77,14,189,71,17,363,163,31
354,6684,5570,18381,30635,183,81,12,184,85,10,365,159,33
355,10026,7798,17267,35091,190,69,18,188,77,14,363,163,31
356,8355,7798,18381,34534,185,75,15,188,77,14,365,159,33
357,6684,5570,22280,34534,185,81,12,181,85,10,372,145,40
358,7241,10026,15596,32863,186,79,13,187,69,18,360,169,28
359,8355,3899,15596,27850,188,75,15,178,91,7,360,169,28
360,4456,7798,17824,30078,182,89,8,183,77,14,364,161,32
361,7241,7241,21166,35648,187,79,13,187,79,13,370,149,38
362,5570,6684,16710,28964,184,85,10,186,81,12,362,165,30
363,5570,8912,14482,28964,184,85,10,189,73,16,358,173,26
364,7798,5570,20609,33977,188,77,14,184,85,10,369,151,37
365,7241,7241,15039,29521,179,79,13,186,79,13,359,171,27
366,9469,6684,20609,36762,189,71,17,185,81,12,369,151,37
367,7798,7798,15039,30635,184,77,14,180,77,14,359,171,27
368,8355,6127,20052,34534,189,75,15,182,83,11,368,153,36
369,8912,6684,17824,33420,180,73,16,185,81,12,364,161,32
370,6127,8355,16710,31192,185,83,11,189,75,15,362,165,30
371,7798,5013,18938,31749,186,77,14,180,87,9,366,157,34
372,7798,8355,14482,30635,188,77,14,186,75,15,358,173,26
373,6127,7241,16153,29521,185,83,11,184,79,13,361,167,29
374,10583,8355,17267,36205,193,67,19,180,75,15,363,163,31
375,8912,5013,20609,34534,190,73,16,183,87,9,369,151,37
376,7798,6684,15596,30078,185,77,14,186,81,12,360,169,28
377,8355,8912,18381,35648,189,75,15,183,73,16,365,159,33
378,5570,8355,14482,28407,182,85,10,182,75,15,358,173,26
379,7798,7241,21166,36205,187,77,14,187,79,13,370,149,38
380,8912,3899,16153,28964,188,73,16,175,91,7,361,167,29
381,6127,9469,17824,33420,182,83,11,174,71,17,364,161,32
382,6127,8355,15596,30078,183,83,11,186,75,15,360,169,28
383,7241,8912,16153,32306,186,79,13,189,73,16,361,167,29
384,3899,12254,15039,31192,181,91,7,190,61,22,359,171,27
385,7798,6127,16153,30078,187,77,14,185,83,11,361,167,29
386,8355,9469,13925,31749,188,75,15,178,71,17,357,175,25
387,6684,8355,20052,35091,186,81,12,189,75,15,368,153,36
388,3342,11697,17824,32863,179,93,6,195,63,21,364,161,32
389,6127,7241,23394,36762,184,83,11,187,79,13,374,141,42
390,5570,6127,17824,29521,182,85,10,184,83,11,364,161,32
391,7798,7798,15596,31192,188,77,14,187,77,14,360,169,28
392,8912,7241,17267,33420,190,73,16,181,79,13,363,163,31
393,8912,6684,18381,33977,190,73,16,181,81,12,365,159,33
394,7241,6127,20609,33977,184,79,13,184,83,11,369,151,37
395,5570,7241,16710,29521,182,85,10,180,79,13,362,165,30
396,6684,7241,14482,28407,184,81,12,185,79,13,358,173,26
397,6684,6684,17267,30635,185,81,12,186,81,12,363,163,31
398,8912,7798,16153,32863,187,73,16,187,77,14,361,167,29
399,6684,5570,16710,28964,185,81,12,182,85,10,362,165,30
400,9469,7798,18381,35648,190,71,17,188,77,14,365,159,33
401,7798,7798,18938,34534,187,77,14,188,77,14,366,157,34
402,7798,8355,17824,33977,188,77,14,187,75,15,364,161,32
403,7798,6684,18381,32863,188,77,14,186,81,12,365,159,33
404,6684,7798,22280,36762,186,81,12,185,77,14,372,145,40
405,7241,8912,16153,32306,187,79,13,190,73,16,361,167,29
406,6127,5013,15596,26736,184,83,11,183,87,9,360,169,28
407,6684,8912,20052,35648,184,81,12,186,73,16,368,153,36
408,7798,6684,16153,30635,185,77,14,185,81,12,361,167,29
409,7798,8912,15596,32306,182,77,14,188,73,16,360,169,28
410,8355,6127,18938,33420,186,75,15,185,83,11,366,157,34
411,8912,7241,18381,34534,186,73,16,183,79,13,365,159,33
412,8355,10026,21723,40104,185,75,15,192,69,18,371,147,39
413,8912,4456,15596,28964,189,73,16,182,89,8,360,169,28
414,7798,9469,22280,39547,188,77,14,191,71,17,372,145,40
415,8912,7241,18381,34534,190,73,16,187,79,13,365,159,33
416,5570,5570,19495,30635,184,85,10,179,85,10,367,155,35
417,6684,8355,20609,35648,182,81,12,185,75,15,369,151,37
418,5570,8912,22280,36762,181,85,10,188,73,16,372,145,40
419,10026,8355,18381,36762,190,69,18,188,75,15,365,159,33
420,8355,8355,21166,37876,188,75,15,183,75,15,370,149,38
421,7241,5570,16710,29521,187,79,13,183,85,10,362,165,30
422,5013,6684,21166,32863,183,87,9,186,81,12,370,149,38
423,7241,6684,20609,34534,187,79,13,186,81,12,369,151,37
424,7798,8912,17824,34534,185,77,14,189,73,16,364,161,32
425,5013,4456,20609,30078,178,87,9,180,89,8,369,151,37
426,6684,6127,13925,26736,184,81,12,178,83,11,357,175,25
427,6684,5570,20609,32863,185,81,12,170,85,10,369,151,37
428,8912,6684,22837,38433,190,73,16,180,81,12,373,143,41
429,6127,4456,15596,26179,185,83,11,182,89,8,360,169,28
430,7241,8912,18381,34534,187,79,13,187,73,16,365,159,33
431,5013,6684,16153,27850,183,87,9,186,81,12,361,167,29
432,10583,7241,17824,35648,191,67,19,186,79,13,364,161,32
433,8912,7241,19495,35648,189,73,16,182,79,13,367,155,35
434,5570,10583,17824,33977,180,85,10,193,67,19,364,161,32
435,6127,5013,20609,31749,185,83,11,183,87,9,369,151,37
436,5570,7241,20052,32863,184,85,10,185,79,13,368,153,36
437,6684,5013,17267,28964,184,81,12,183,87,9,363,163,31
438,5570,9469,21723,36762,182,85,10,190,71,17,371,147,39
439,7798,5570,20052,33420,187,77,14,180,85,10,368,153,36
440,7241,8355,17267,32863,186,79,13,189,75,15,363,163,31
441,8912,5013,20609,34534,186,73,16,183,87,9,369,151,37
442,4456,6127,16153,26736,182,89,8,185,83,11,361,167,29
443,7798,12811,20609,41218,185,77,14,197,59,23,369,151,37
444,7798,5570,12811,26179,184,77,14,177,85,10,355,179,23
445,10026,7241,17267,34534,191,69,18,182,79,13,363,163,31
446,8912,4456,17267,30635,169,73,16,181,89,8,363,163,31
447,5013,5570,15039,25622,182,87,9,184,85,10,359,171,27
448,7241,6684,21723,35648,186,79,13,184,81,12,371,147,39
449,7241,5570,18938,31749,184,79,13,182,85,10,366,157,34
450,3899,8912,12811,25622,176,91,7,190,73,16,355,179,23
451,5570,10026,18938,34534,184,85,10,189,69,18,366,157,34
452,7798,6684,16153,30635,188,77,14,182,81,12,361,167,29
453,6684,7798,16710,31192,186,81,12,185,77,14,362,165,30
454,7241,6127,17824,31192,186,79,13,185,83,11,364,161,32
455,10583,3342,15596,29521,183,67,19,180,93,6,360,169,28
456,9469,6684,18938,35091,191,71,17,186,81,12,366,157,34
457,5570,8355,17824,31749,184,85,10,189,75,15,364,161,32
458,8912,6684,20052,35648,188,73,16,186,81,12,368,153,36
459,8912,8912,16710,34534,190,73,16,186,73,16,362,165,30
460,5570,9469,17267,32306,182,85,10,190,71,17,363,163,31
461,6127,5013,17267,28407,185,83,11,180,87,9,363,163,31
462,7798,9469,12254,29521,186,77,14,190,71,17,354,181,22
463,7798,6127,21166,35091,184,77,14,183,83,11,370,149,38
464,11140,5570,17267,33977,194,65,20,184,85,10,363,163,31
465,6684,7241,17824,31749,183,81,12,187,79,13,364,161,32
466,7241,7241,13368,27850,183,79,13,183,79,13,356,177,24
467,9469,7798,19495,36762,190,71,17,185,77,14,367,155,35
468,8912,6127,20609,35648,181,73,16,180,83,11,369,151,37
469,3342,7798,17824,28964,180,93,6,188,77,14,364,161,32
470,8355,7241,15596,31192,189,75,15,186,79,13,360,169,28
471,8355,6127,15596,30078,188,75,15,182,83,11,360,169,28
472,8912,6684,16710,32306,188,73,16,185,81,12,362,165,30
473,5570,6684,20052,32306,183,85,10,183,81,12,368,153,36
474,8912,7241,18938,35091,188,73,16,183,79,13,366,157,34
475,7241,8355,17824,33420,187,79,13,187,75,15,364,161,32
476,5013,7241,16710,28964,183,87,9,186,79,13,362,165,30
477,5013,7241,18381,30635,183,87,9,184,79,13,365,159,33
478,8355,5570,20609,34534,189,75,15,184,85,10,369,151,37
479,5013,8912,18938,32863,182,87,9,182,73,16,366,157,34
480,6684,6684,18381,31749,181,81,12,184,81,12,365,159,33
481,3342,5570,17824,26736,179,93,6,184,85,10,364,161,32
482,5013,7241,17824,30078,182,87,9,184,79,13,364,161,32
483,6684,8355,17267,32306,177,81,12,188,75,15,363,163,31
484,6684,6127,18938,31749,184,81,12,185,83,11,366,157,34
485,6127,5013,18938,30078,181,83,11,181,87,9,366,157,34
486,6127,8912,17824,32863,182,83,11,190,73,16,364,161,32
487,8355,9469,14482,32306,188,75,15,191,71,17,358,173,26
488,5570,6684,20052,32306,183,85,10,186,81,12,368,153,36
489,5570,8355,18938,32863,183,85,10,189,75,15,366,157,34
490,8912,7798,16710,33420,188,73,16,188,77,14,362,165,30
491,7241,3899,18938,30078,182,79,13,181,91,7,366,157,34
492,7241,5570,20609,33420,186,79,13,184,85,10,369,151,37
493,7798,5013,16153,28964,186,77,14,183,87,9,361,167,29
494,8912,6127,17267,32306,187,73,16,184,83,11,363,163,31
495,7241,7241,19495,33977,186,79,13,186,79,13,367,155,35
496,5570,4456,18381,28407,181,85,10,170,89,8,365,159,33
497,3899,6684,19495,30078,180,91,7,186,81,12,367,155,35
498,5013,11140,16153,32306,183,87,9,193,65,20,361,167,29
499,10583,8912,18381,37876,191,67,19,189,73,16,365,159,33
500,7241,7241,16153,30635,187,79,13,185,79,13,361,167,29
501,8912,8355,20609,37876,185,73,16,188,75,15,369,151,37
502,8355,8355,16153,32863,189,75,15,188,75,15,361,167,29
503,8355,6684,20052,35091,189,75,15,184,81,12,368,153,36
504,7241,6684,16710,30635,184,79,13,185,81,12,362,165,30
505,5013,10026,18381,33420,181,87,9,189,69,18,365,159,33
506,8355,5570,17824,31749,185,75,15,184,85,10,364,161,32
507,6127,9469,20609,36205,184,83,11,188,71,17,369,151,37
508,7241,8355,18938,34534,186,79,13,184,75,15,366,157,34
509,7241,10583,15596,33420,184,79,13,192,67,19,360,169,28
510,5013,6127,20052,31192,183,87,9,185,83,11,368,153,36
511,6127,6127,20052,32306,184,83,11,180,83,11,368,153,36
512,6127,8912,23951,38990,184,83,11,190,73,16,375,139,43
513,4456,8355,18938,31749,179,89,8,189,75,15,366,157,34
514,10026,9469,17824,37319,189,69,18,190,71,17,364,161,32
515,6684,8912,17267,32863,184,81,12,190,73,16,363,163,31
516,4456,7241,16710,28407,182,89,8,181,79,13,362,165,30
517,9469,7241,15039,31749,189,71,17,186,79,13,359,171,27
518,10583,8355,18938,37876,193,67,19,188,75,15,366,157,34
519,6684,6684,17267,30635,186,81,12,183,81,12,363,163,31
520,7241,6684,17824,31749,184,79,13,185,81,12,364,161,32
521,8355,8912,20052,37319,189,75,15,189,73,16,368,153,36
522,7798,3899,18381,30078,183,77,14,181,91,7,365,159,33
523,6127,7798,20052,33977,182,83,11,186,77,14,368,153,36
524,5570,9469,15039,30078,184,85,10,172,71,17,359,171,27
525,9469,5013,18381,32863,189,71,17,183,87,9,365,159,33
526,12254,7798,20052,40104,191,61,22,188,77,14,368,153,36
527,6127,3899,16153,26179,179,83,11,181,91,7,361,167,29
528,6127,6684,15596,28407,184,83,11,175,81,12,360,169,28
529,9469,3342,20609,33420,191,71,17,180,93,6,369,151,37
530,5570,4456,21166,31192,183,85,10,182,89,8,370,149,38
531,6684,3899,17824,28407,184,81,12,175,91,7,364,161,32
532,7798,6684,17824,32306,188,77,14,184,81,12,364,161,32
533,10026,8912,18381,37319,186,69,18,190,73,16,365,159,33
534,6684,8355,17824,32863,182,81,12,188,75,15,364,161,32
535,5013,7798,13368,26179,182,87,9,185,77,14,356,177,24
536,6684,8912,17267,32863,186,81,12,190,73,16,363,163,31
537,4456,7798,14482,26736,182,89,8,187,77,14,358,173,26
538,6127,6127,20052,32306,182,83,11,183,83,11,368,153,36
539,7798,7241,20609,35648,179,77,14,187,79,13,369,151,37
540,7798,3342,17824,28964,187,77,14,180,93,6,364,161,32
541,8912,5570,17267,31749,189,73,16,181,85,10,363,163,31
542,8355,10026,19495,37876,187,75,15,188,69,18,367,155,35
543,6127,10026,17824,33977,183,83,11,190,69,18,364,161,32
544,8912,8912,15596,33420,190,73,16,177,73,16,360,169,28
545,8912,9469,13368,31749,188,73,16,190,71,17,356,177,24
546,8355,8355,13925,30635,189,75,15,186,75,15,357,175,25
547,7798,8355,17267,33420,188,77,14,189,75,15,363,163,31
548,6127,7798,13925,27850,179,83,11,185,77,14,357,175,25
549,7798,7241,20609,35648,186,77,14,179,79,13,369,151,37
550,8355,5570,20052,33977,185,75,15,184,85,10,368,153,36
551,6684,8355,19495,34534,186,81,12,188,75,15,367,155,35
552,8912,6684,20052,35648,190,73,16,186,81,12,368,153,36
553,5570,4456,16710,26736,183,85,10,181,89,8,362,165,30
554,5013,6684,17267,28964,182,87,9,183,81,12,363,163,31
555,9469,3342,17824,30635,188,71,17,180,93,6,364,161,32
556,8355,10583,15039,33977,178,75,15,189,67,19,359,171,27
557,7798,6127,23394,37319,184,77,14,180,83,11,374,141,42
558,7798,7241,20609,35648,186,77,14,187,79,13,369,151,37
559,6684,8355,20609,35648,186,81,12,189,75,15,369,151,37
560,6684,7241,17824,31749,186,81,12,187,79,13,364,161,32
561,9469,10583,15596,35648,188,71,17,192,67,19,360,169,28
562,7798,8912,20052,36762,188,77,14,189,73,16,368,153,36
563,6127,5570,18381,30078,184,83,11,178,85,10,365,159,33
564,7798,8355,17824,33977,188,77,14,187,75,15,364,161,32
565,10026,6684,20609,37319,178,69,18,183,81,12,369,151,37
566,6684,6684,16153,29521,180,81,12,183,81,12,361,167,29
567,7241,7241,21166,35648,186,79,13,187,79,13,370,149,38
568,7241,6684,17824,31749,187,79,13,186,81,12,364,161,32
569,6127,7798,20052,33977,185,83,11,188,77,14,368,153,36
570,7241,4456,18938,30635,176,79,13,182,89,8,366,157,34
571,6684,5570,17824,30078,183,81,12,183,85,10,364,161,32
572,8912,6684,20609,36205,189,73,16,186,81,12,369,151,37
573,7798,7241,20052,35091,186,77,14,187,79,13,368,153,36
574,8912,10583,20609,40104,188,73,16,188,67,19,369,151,37
575,6127,10583,17267,33977,184,83,11,189,67,19,363,163,31
576,9469,6127,14482,30078,189,71,17,184,83,11,358,173,26
577,5013,5013,20609,30635,183,87,9,183,87,9,369,151,37
578,5013,8912,22837,36762,182,87,9,188,73,16,373,143,41
579,7798,9469,17824,35091,187,77,14,190,71,17,364,161,32
580,8355,8912,17824,35091,189,75,15,188,73,16,364,161,32
581,6684,4456,19495,30635,185,81,12,182,89,8,367,155,35
582,5570,5570,20052,31192,184,85,10,184,85,10,368,153,36
583,8912,12254,18381,39547,187,73,16,195,61,22,365,159,33
584,7798,6684,15039,29521,185,77,14,186,81,12,359,171,27
585,7241,3342,22280,32863,183,79,13,178,93,6,372,145,40
586,7241,7798,16710,31749,186,79,13,183,77,14,362,165,30
587,7798,6684,18938,33420,168,77,14,186,81,12,366,157,34
588,7798,5570,17824,31192,186,77,14,184,85,10,364,161,32
589,7241,8355,21166,36762,187,79,13,189,75,15,370,149,38
590,6684,8355,22280,37319,185,81,12,189,75,15,372,145,40
591,5013,7798,17267,30078,176,87,9,188,77,14,363,163,31
592,8912,9469,20609,38990,188,73,16,185,71,17,369,151,37
593,6127,7798,14482,28407,185,83,11,188,77,14,358,173,26
594,4456,4456,20609,29521,181,89,8,179,89,8,369,151,37
595,7798,8355,18381,34534,185,77,14,188,75,15,365,159,33
596,5570,9469,16153,31192,182,85,10,189,71,17,361,167,29
597,7798,5570,19495,32863,184,77,14,184,85,10,367,155,35
598,3342,7241,20609,31192,180,93,6,183,79,13,369,151,37
599,7241,9469,18381,35091,187,79,13,190,71,17,365,159,33
600,8355,8912,15039,32306,188,75,15,188,73,16,359,171,27
601,5570,7241,17267,30078,181,85,10,186,79,13,363,163,31
602,6684,6684,18381,31749,184,81,12,186,81,12,365,159,33
603,6684,7241,17824,31749,183,81,12,187,79,13,364,161,32
604,7241,8912,16710,32863,186,79,13,188,73,16,362,165,30
605,7798,6127,19495,33420,188,77,14,185,83,11,367,155,35
606,7798,7241,17824,32863,185,77,14,185,79,13,364,161,32
607,4456,6127,17824,28407,182,89,8,183,83,11,364,161,32
608,9469,6684,18381,34534,187,71,17,186,81,12,365,159,33
609,6127,7798,19495,33420,184,83,11,187,77,14,367,155,35
610,8355,7798,16710,32863,189,75,15,187,77,14,362,165,30
611,9469,8912,15039,33420,187,71,17,190,73,16,359,171,27
612,6127,7798,16710,30635,185,83,11,182,77,14,362,165,30
613,8355,8912,19495,36762,189,75,15,187,73,16,367,155,35
614,7798,5570,21166,34534,185,77,14,184,85,10,370,149,38
615,7241,7241,17267,31749,187,79,13,187,79,13,363,163,31
616,3899,6127,17824,27850,179,91,7,184,83,11,364,161,32
617,7241,9469,16710,33420,186,79,13,189,71,17,362,165,30
618,4456,8355,22280,35091,180,89,8,185,75,15,372,145,40
619,6684,9469,19495,35648,180,81,12,184,71,17,367,155,35
620,10026,7798,17267,35091,190,69,18,182,77,14,363,163,31
621,10583,8912,20052,39547,193,67,19,178,73,16,368,153,36
622,6684,6684,16710,30078,185,81,12,182,81,12,362,165,30
623,5013,6684,19495,31192,180,87,9,182,81,12,367,155,35
624,6684,7241,16153,30078,184,81,12,186,79,13,361,167,29
625,6127,8355,19495,33977,183,83,11,186,75,15,367,155,35
626,7241,6684,18381,32306,183,79,13,178,81,12,365,159,33
627,8912,7798,22280,38990,186,73,16,188,77,14,372,145,40
628,8355,6127,18381,32863,185,75,15,184,83,11,365,159,33
629,6684,5570,18938,31192,186,81,12,181,85,10,366,157,34
630,6127,8912,18381,33420,183,83,11,190,73,16,365,159,33
631,7241,8912,21166,37319,175,79,13,190,73,16,370,149,38
632,8912,7798,21723,38433,190,73,16,187,77,14,371,147,39
633,11140,5570,13368,30078,193,65,20,181,85,10,356,177,24
634,5570,7241,12811,25622,184,85,10,187,79,13,355,179,23
635,7798,8912,18938,35648,185,77,14,187,73,16,366,157,34
636,6127,5013,21166,32306,184,83,11,176,87,9,370,149,38
637,7798,5570,18381,31749,188,77,14,182,85,10,365,159,33
638,4456,7798,18381,30635,176,89,8,185,77,14,365,159,33
639,5570,1671,16153,23394,181,85,10,177,99,3,361,167,29
640,6684,8355,18381,33420,179,81,12,180,75,15,365,159,33
641,8355,8912,17824,35091,185,75,15,187,73,16,364,161,32
642,7798,7241,15039,30078,187,77,14,187,79,13,359,171,27
643,8912,6127,17267,32306,189,73,16,181,83,11,363,163,31
644,7798,10026,15596,33420,182,77,14,185,69,18,360,169,28
645,7798,7241,18938,33977,184,77,14,187,79,13,366,157,34
646,7241,6684,19495,33420,187,79,13,183,81,12,367,155,35
647,7241,8355,17824,33420,186,79,13,187,75,15,364,161,32
648,6127,9469,16710,32306,185,83,11,186,71,17,362,165,30
649,6127,8355,18381,32863,184,83,11,187,75,15,365,159,33
650,6127,6127,19495,31749,184,83,11,185,83,11,367,155,35
651,8355,11697,14482,34534,188,75,15,191,63,21,358,173,26
652,6127,5570,17267,28964,185,83,11,183,85,10,363,163,31
653,6684,4456,20052,31192,185,81,12,179,89,8,368,153,36
654,6127,9469,19495,35091,184,83,11,191,71,17,367,155,35
655,5013,8912,22837,36762,182,87,9,188,73,16,373,143,41
656,5013,5013,16710,26736,183,87,9,175,87,9,362,165,30
657,7241,6684,17267,31192,183,79,13,181,81,12,363,163,31
658,8355,6684,18938,33977,188,75,15,184,81,12,366,157,34
659,8912,7798,16710,33420,189,73,16,187,77,14,362,165,30
660,7798,6684,16710,31192,186,77,14,186,81,12,362,165,30
661,6684,6684,16153,29521,185,81,12,186,81,12,361,167,29
662,12254,6127,17267,35648,194,61,22,185,83,11,363,163,31
663,3899,8355,20609,32863,180,91,7,188,75,15,369,151,37
664,5570,6127,17267,28964,182,85,10,183,83,11,363,163,31
665,8355,6127,19495,33977,189,75,15,182,83,11,367,155,35
666,6684,8912,17824,33420,184,81,12,186,73,16,364,161,32
667,5013,6684,18938,30635,179,87,9,186,81,12,366,157,34
668,7241,8912,14482,30635,187,79,13,189,73,16,358,173,26
669,7798,5570,18381,31749,188,77,14,183,85,10,365,159,33
670,5570,9469,21723,36762,183,85,10,191,71,17,371,147,39
671,7241,8912,20609,36762,186,79,13,184,73,16,369,151,37
672,6127,6684,16153,28964,183,83,11,183,81,12,361,167,29
673,6127,5570,16710,28407,177,83,11,182,85,10,362,165,30
674,6127,5013,15039,26179,176,83,11,183,87,9,359,171,27
675,6127,7241,19495,32863,183,83,11,184,79,13,367,155,35
676,6127,5013,18381,29521,181,83,11,183,87,9,365,159,33
677,7798,7241,22837,37876,188,77,14,187,79,13,373,143,41
678,6684,6127,16153,28964,182,81,12,184,83,11,361,167,29
679,4456,7241,19495,31192,182,89,8,185,79,13,367,155,35
680,7798,6684,21166,35648,187,77,14,186,81,12,370,149,38
681,2785,5013,19495,27293,173,95,5,182,87,9,367,155,35
682,6684,7798,15039,29521,185,81,12,186,77,14,359,171,27
683,7798,5570,18381,31749,188,77,14,179,85,10,365,159,33
684,6127,4456,24508,35091,181,83,11,178,89,8,376,137,44
685,7798,6127,17267,31192,185,77,14,185,83,11,363,163,31
686,4456,6684,17267,28407,177,89,8,183,81,12,363,163,31
687,9469,7241,15596,32306,191,71,17,186,79,13,360,169,28
688,8355,8355,13368,30078,185,75,15,187,75,15,356,177,24
689,6684,5570,16710,28964,186,81,12,183,85,10,362,165,30
690,7798,5570,18938,32306,188,77,14,181,85,10,366,157,34
691,6127,7798,18938,32863,185,83,11,187,77,14,366,157,34
692,8355,7241,20052,35648,187,75,15,186,79,13,368,153,36
693,3899,8912,19495,32306,179,91,7,190,73,16,367,155,35
694,3899,7798,17267,28964,177,91,7,184,77,14,363,163,31
695,10026,6684,18381,35091,187,69,18,185,81,12,365,159,33
696,9469,3899,17267,30635,191,71,17,181,91,7,363,163,31
697,6684,6127,20052,32863,185,81,12,185,83,11,368,153,36
698,11140,7241,21166,39547,192,65,20,187,79,13,370,149,38
699,11140,7241,13925,32306,194,65,20,186,79,13,357,175,25
700,5570,7798,15596,28964,180,85,10,188,77,14,360,169,28
701,10026,5013,13368,28407,190,69,18,182,87,9,356,177,24
702,4456,7241,13368,25065,182,89,8,185,79,13,356,177,24
703,8355,7241,20052,35648,188,75,15,182,79,13,368,153,36
704,6684,6684,17824,31192,186,81,12,185,81,12,364,161,32
705,10026,6127,18381,34534,190,69,18,185,83,11,365,159,33
706,6684,7798,18938,33420,181,81,12,186,77,14,366,157,34
707,7798,6684,13368,27850,187,77,14,179,81,12,356,177,24
708,6127,7798,15596,29521,185,83,11,187,77,14,360,169,28
709,5570,6684,20609,32863,182,85,10,183,81,12,369,151,37
710,5013,3899,20052,28964,183,87,9,174,91,7,368,153,36
711,10026,5013,15039,30078,192,69,18,181,87,9,359,171,27
712,9469,6127,15039,30635,190,71,17,181,83,11,359,171,27
713,10583,5570,17267,33420,190,67,19,180,85,10,363,163,31
714,6684,8912,16710,32306,186,81,12,190,73,16,362,165,30
715,9469,10026,16153,35648,189,71,17,192,69,18,361,167,29
716,7241,6684,16710,30635,184,79,13,186,81,12,362,165,30
717,5013,7798,17824,30635,182,87,9,183,77,14,364,161,32
718,8912,5570,17267,31749,187,73,16,184,85,10,363,163,31
719,8355,5013,16153,29521,189,75,15,183,87,9,361,167,29
720,6684,7241,17824,31749,180,81,12,178,79,13,364,161,32
721,7798,7798,20052,35648,187,77,14,186,77,14,368,153,36
722,8912,3899,18938,31749,185,73,16,180,91,7,366,157,34
723,10583,8912,13925,33420,192,67,19,179,73,16,357,175,25
724,8355,6684,18381,33420,188,75,15,186,81,12,365,159,33
725,8355,8355,17824,34534,189,75,15,189,75,15,364,161,32
726,6684,9469,19495,35648,183,81,12,189,71,17,367,155,35
727,5570,6127,13925,25622,184,85,10,175,83,11,357,175,25
728,6127,4456,16710,27293,185,83,11,179,89,8,362,165,30
729,9469,8355,16153,33977,190,71,17,186,75,15,361,167,29
730,7241,8912,13925,30078,186,79,13,188,73,16,357,175,25
731,5013,7241,23394,35648,179,87,9,187,79,13,374,141,42
732,7241,4456,21166,32863,183,79,13,174,89,8,370,149,38
733,6127,4456,16710,27293,183,83,11,182,89,8,362,165,30
734,7798,9469,18938,36205,188,77,14,190,71,17,366,157,34
735,10026,6127,16710,32863,185,69,18,185,83,11,362,165,30
736,7241,10583,19495,37319,186,79,13,192,67,19,367,155,35
737,7798,6127,14482,28407,188,77,14,183,83,11,358,173,26
738,5570,7241,16153,28964,184,85,10,185,79,13,361,167,29
739,8355,7798,20052,36205,186,75,15,188,77,14,368,153,36
740,5570,8912,16710,31192,184,85,10,189,73,16,362,165,30
741,5570,4456,19495,29521,182,85,10,182,89,8,367,155,35
742,7798,7241,20609,35648,188,77,14,185,79,13,369,151,37
743,10583,6684,17824,35091,191,67,19,185,81,12,364,161,32
744,6127,6127,16153,28407,185,83,11,185,83,11,361,167,29
745,7798,3342,20609,31749,183,77,14,172,93,6,369,151,37
746,6684,3899,21166,31749,185,81,12,180,91,7,370,149,38
747,8912,6684,14482,30078,188,73,16,185,81,12,358,173,26
748,5013,7241,22837,35091,182,87,9,187,79,13,373,143,41
749,8912,4456,18381,31749,189,73,16,182,89,8,365,159,33
750,10583,8912,16153,35648,192,67,19,180,73,16,361,167,29
751,10583,6127,15596,32306,187,67,19,185,83,11,360,169,28
752,5013,5013,18381,28407,181,87,9,181,87,9,365,159,33
753,6127,4456,21723,32306,184,83,11,182,89,8,371,147,39
754,9469,6127,15596,31192,190,71,17,181,83,11,360,169,28
755,7241,5570,14482,27293,186,79,13,178,85,10,358,173,26
756,8355,4456,18381,31192,189,75,15,180,89,8,365,159,33
757,8912,7241,18381,34534,185,73,16,187,79,13,365,159,33
758,7241,7241,17824,32306,185,79,13,187,79,13,364,161,32
759,9469,7241,14482,31192,176,71,17,186,79,13,358,173,26
760,6684,6684,17824,31192,185,81,12,186,81,12,364,161,32
761,8355,5013,17267,30635,185,75,15,183,87,9,363,163,31
762,5570,7798,20609,33977,184,85,10,184,77,14,369,151,37
763,8355,5570,19495,33420,189,75,15,184,85,10,367,155,35
764,8912,6127,17267,32306,188,73,16,184,83,11,363,163,31
765,6127,7241,16710,30078,185,83,11,185,79,13,362,165,30
766,6127,7798,17824,31749,180,83,11,188,77,14,364,161,32
767,8355,3899,21166,33420,189,75,15,180,91,7,370,149,38
768,5013,9469,16153,30635,182,87,9,190,71,17,361,167,29
769,4456,7241,21723,33420,182,89,8,186,79,13,371,147,39
770,6127,9469,18381,33977,180,83,11,180,71,17,365,159,33
771,8912,7241,17824,33977,189,73,16,187,79,13,364,161,32
772,7241,8355,19495,35091,186,79,13,180,75,15,367,155,35
773,9469,6127,13925,29521,182,71,17,185,83,11,357,175,25
774,8912,6127,18938,33977,190,73,16,185,83,11,366,157,34
775,7798,6684,21166,35648,188,77,14,186,81,12,370,149,38
776,9469,7798,19495,36762,191,71,17,185,77,14,367,155,35
777,3342,5013,20052,28407,179,93,6,182,87,9,368,153,36
778,9469,7798,20052,37319,185,71,17,188,77,14,368,153,36
779,8355,7798,18381,34534,189,75,15,187,77,14,365,159,33
780,5570,6127,17267,28964,181,85,10,182,83,11,363,163,31
781,7241,7798,21166,36205,187,79,13,188,77,14,370,149,38
782,6127,10583,17267,33977,185,83,11,191,67,19,363,163,31
783,8355,6684,16710,31749,185,75,15,184,81,12,362,165,30
784,8355,6127,15596,30078,188,75,15,178,83,11,360,169,28
785,3899,7241,18381,29521,181,91,7,184,79,13,365,159,33
786,5013,6684,22837,34534,183,87,9,175,81,12,373,143,41
787,7241,7241,17824,32306,186,79,13,187,79,13,364,161,32
788,6127,5570,18938,30635,185,83,11,184,85,10,366,157,34
789,8355,6684,17824,32863,183,75,15,185,81,12,364,161,32
790,9469,8912,20609,38990,191,71,17,190,73,16,369,151,37
791,5013,8355,20052,33420,183,87,9,184,75,15,368,153,36
792,5013,8355,13925,27293,177,87,9,189,75,15,357,175,25
793,10026,9469,20052,39547,191,69,18,189,71,17,368,153,36
794,6127,6127,18381,30635,185,83,11,181,83,11,365,159,33
795,7798,3342,20609,31749,174,77,14,178,93,6,369,151,37
796,5570,6684,14482,26736,179,85,10,185,81,12,358,173,26
797,7241,8912,20052,36205,185,79,13,187,73,16,368,153,36
798,5013,6684,19495,31192,182,87,9,186,81,12,367,155,35
799,7241,6684,17267,31192,177,79,13,186,81,12,363,163,31
800,10026,4456,16153,30635,192,69,18,176,89,8,361,167,29
801,5570,5013,16153,26736,183,85,10,173,87,9,361,167,29
802,8912,6684,18381,33977,183,73,16,186,81,12,365,159,33
803,6684,6127,17824,30635,174,81,12,184,83,11,364,161,32
804,7798,6684,15596,30078,187,77,14,183,81,12,360,169,28
805,8912,8355,18938,36205,188,73,16,186,75,15,366,157,34
806,12811,6127,16710,35648,193,59,23,185,83,11,362,165,30
807,7241,7241,18938,33420,184,79,13,187,79,13,366,157,34
808,6684,8912,15596,31192,185,81,12,187,73,16,360,169,28
809,5570,7241,17267,30078,183,85,10,175,79,13,363,163,31
810,7798,8355,16153,32306,185,77,14,187,75,15,361,167,29
811,6684,6684,17824,31192,186,81,12,183,81,12,364,161,32
812,7241,7241,18938,33420,187,79,13,185,79,13,366,157,34
813,6127,5570,16153,27850,183,83,11,182,85,10,361,167,29
814,6127,8355,16710,31192,185,83,11,189,75,15,362,165,30
815,4456,7798,20052,32306,182,89,8,185,77,14,368,153,36
816,11140,4456,15596,31192,194,65,20,180,89,8,360,169,28
817,8355,7241,17267,32863,185,75,15,187,79,13,363,163,31
818,7798,8912,13925,30635,188,77,14,190,73,16,357,175,25
819,5570,10026,19495,35091,181,85,10,192,69,18,367,155,35
820,7798,10026,21723,39547,187,77,14,188,69,18,371,147,39
821,8355,4456,14482,27293,189,75,15,179,89,8,358,173,26
822,4456,5570,20609,30635,182,89,8,181,85,10,369,151,37
823,7798,7241,18381,33420,185,77,14,187,79,13,365,159,33
824,7241,8355,20052,35648,186,79,13,168,75,15,368,153,36
825,7798,7798,17824,33420,188,77,14,187,77,14,364,161,32
826,8912,3899,17824,30635,183,73,16,180,91,7,364,161,32
827,5570,5570,18381,29521,182,85,10,180,85,10,365,159,33
828,3899,5013,19495,28407,180,91,7,181,87,9,367,155,35
829,7241,8355,16710,32306,186,79,13,186,75,15,362,165,30
830,8912,7241,17824,33977,186,73,16,187,79,13,364,161,32
831,6127,5570,18938,30635,179,83,11,184,85,10,366,157,34
832,6127,6127,16153,28407,180,83,11,178,83,11,361,167,29
833,8355,10026,19495,37876,183,75,15,191,69,18,367,155,35
834,6127,2785,18938,27850,185,83,11,178,95,5,366,157,34
835,9469,8355,18381,36205,190,71,17,186,75,15,365,159,33
836,7798,5570,21166,34534,188,77,14,177,85,10,370,149,38
837,7241,7798,16710,31749,186,79,13,188,77,14,362,165,30
838,3342,6684,16710,26736,172,93,6,186,81,12,362,165,30
839,8912,3899,15039,27850,190,73,16,180,91,7,359,171,27
840,5013,8912,19495,33420,181,87,9,189,73,16,367,155,35
841,5013,8912,21723,35648,181,87,9,189,73,16,371,147,39
842,11140,5570,17824,34534,193,65,20,183,85,10,364,161,32
843,6127,4456,18938,29521,184,83,11,182,89,8,366,157,34
844,9469,7798,18938,36205,190,71,17,183,77,14,366,157,34
845,5570,7798,13925,27293,180,85,10,187,77,14,357,175,25
846,7798,7798,17824,33420,187,77,14,188,77,14,364,161,32
847,10583,8912,19495,38990,192,67,19,189,73,16,367,155,35
848,7241,6127,15039,28407,186,79,13,184,83,11,359,171,27
849,5013,6127,15596,26736,183,87,9,185,83,11,360,169,28
850,6684,5570,17824,30078,180,81,12,177,85,10,364,161,32
851,5570,6684,18938,31192,181,85,10,182,81,12,366,157,34
852,10026,5570,17267,32863,192,69,18,183,85,10,363,163,31
853,6684,7241,17267,31192,185,81,12,184,79,13,363,163,31
854,7798,4456,15596,27850,188,77,14,180,89,8,360,169,28
855,7798,5013,17824,30635,179,77,14,183,87,9,364,161,32
856,6127,9469,18938,34534,183,83,11,191,71,17,366,157,34
857,8355,7798,16710,32863,187,75,15,187,77,14,362,165,30
858,3899,3899,18938,26736,180,91,7,180,91,7,366,157,34
859,7798,5013,17267,30078,188,77,14,182,87,9,363,163,31
860,4456,5013,17267,26736,182,89,8,183,87,9,363,163,31
861,8912,8912,16153,33977,187,73,16,188,73,16,361,167,29
862,7241,6684,18381,32306,187,79,13,186,81,12,365,159,33
863,8355,6684,15039,30078,183,75,15,185,81,12,359,171,27
864,6127,6684,17267,30078,182,83,11,185,81,12,363,163,31
865,8912,8912,16710,34534,185,73,16,185,73,16,362,165,30
866,6684,6684,20052,33420,183,81,12,182,81,12,368,153,36
867,6684,4456,16153,27293,186,81,12,178,89,8,361,167,29
868,7241,8355,16153,31749,184,79,13,188,75,15,361,167,29
869,7241,7241,20609,35091,186,79,13,182,79,13,369,151,37
870,7241,7798,21166,36205,187,79,13,187,77,14,370,149,38
871,10026,7798,17824,35648,191,69,18,186,77,14,364,161,32
872,6127,8355,12254,26736,185,83,11,187,75,15,354,181,22
873,5570,7241,20052,32863,183,85,10,187,79,13,368,153,36
874,7798,7241,19495,34534,187,77,14,177,79,13,367,155,35
875,5570,6127,21723,33420,180,85,10,181,83,11,371,147,39
876,6684,9469,18381,34534,185,81,12,190,71,17,365,159,33
877,3342,7798,18381,29521,177,93,6,188,77,14,365,159,33
878,8912,7798,17267,33977,190,73,16,186,77,14,363,163,31
879,8355,3899,16710,28964,187,75,15,181,91,7,362,165,30
880,4456,3342,19495,27293,181,89,8,180,93,6,367,155,35
881,8355,7798,17267,33420,188,75,15,185,77,14,363,163,31
882,8912,7798,15039,31749,187,73,16,188,77,14,359,171,27
883,5570,9469,17824,32863,180,85,10,190,71,17,364,161,32
884,5570,6127,17824,29521,184,85,10,181,83,11,364,161,32
885,6684,5013,15039,26736,184,81,12,178,87,9,359,171,27
886,5570,10026,15596,31192,178,85,10,188,69,18,360,169,28
887,7798,9469,16153,33420,186,77,14,191,71,17,361,167,29
888,8355,10026,22280,40661,189,75,15,189,69,18,372,145,40
889,6684,7798,21723,36205,183,81,12,187,77,14,371,147,39
890,6127,9469,19495,35091,185,83,11,190,71,17,367,155,35
891,6684,2228,18938,27850,179,81,12,173,97,4,366,157,34
892,8912,6127,15039,30078,190,73,16,185,83,11,359,171,27
893,6684,7241,18381,32306,182,81,12,184,79,13,365,159,33
894,7798,6684,18381,32863,188,77,14,186,81,12,365,159,33
895,4456,4456,21723,30635,182,89,8,182,89,8,371,147,39
896,5013,6684,17267,28964,181,87,9,186,81,12,363,163,31
897,8355,5570,21166,35091,188,75,15,184,85,10,370,149,38
898,5570,8355,16153,30078,183,85,10,189,75,15,361,167,29
899,9469,4456,19495,33420,190,71,17,179,89,8,367,155,35
900,6684,8355,19495,34534,183,81,12,187,75,15,367,155,35
901,3899,8912,21723,34534,181,91,7,189,73,16,371,147,39
902,6127,7241,17267,30635,185,83,11,184,79,13,363,163,31
903,6684,7241,18381,32306,184,81,12,186,79,13,365,159,33
904,6684,5570,21166,33420,186,81,12,182,85,10,370,149,38
905,5013,10583,21166,36762,183,87,9,193,67,19,370,149,38
906,5570,8355,19495,33420,183,85,10,183,75,15,367,155,35
907,5570,7241,16153,28964,184,85,10,182,79,13,361,167,29
908,5013,6684,19495,31192,183,87,9,185,81,12,367,155,35
909,7798,6127,18381,32306,186,77,14,180,83,11,365,159,33
910,6684,6127,18938,31749,182,81,12,185,83,11,366,157,34
911,11140,7798,15039,33977,191,65,20,186,77,14,359,171,27
912,8912,6684,12811,28407,188,73,16,182,81,12,355,179,23
913,5013,8355,16153,29521,179,87,9,188,75,15,361,167,29
914,4456,6127,19495,30078,180,89,8,181,83,11,367,155,35
915,10026,6684,15596,32306,187,69,18,183,81,12,360,169,28
916,7798,7798,18381,33977,179,77,14,188,77,14,365,159,33
917,6127,7241,17267,30635,184,83,11,184,79,13,363,163,31
918,6684,8912,15596,31192,185,81,12,188,73,16,360,169,28
919,8355,6684,17824,32863,189,75,15,185,81,12,364,161,32
920,6127,10583,21723,38433,184,83,11,191,67,19,371,147,39
921,7241,7798,21166,36205,182,79,13,186,77,14,370,149,38
922,7241,8355,16710,32306,184,79,13,189,75,15,362,165,30
923,7241,6127,22837,36205,184,79,13,181,83,11,373,143,41
924,7798,6127,24508,38433,185,77,14,185,83,11,376,137,44
925,6684,7798,15596,30078,186,81,12,188,77,14,360,169,28
926,7241,8355,16153,31749,186,79,13,187,75,15,361,167,29
927,7798,5570,19495,32863,187,77,14,184,85,10,367,155,35
928,7798,7798,18381,33977,185,77,14,186,77,14,365,159,33
929,4456,7798,22280,34534,182,89,8,187,77,14,372,145,40
930,8355,6684,15596,30635,186,75,15,185,81,12,360,169,28
931,7241,6684,16153,30078,182,79,13,186,81,12,361,167,29
932,8355,5570,21166,35091,188,75,15,184,85,10,370,149,38
933,6127,5013,20609,31749,180,83,11,183,87,9,369,151,37
934,4456,6684,18381,29521,180,89,8,186,81,12,365,159,33
935,6127,8912,16153,31192,180,83,11,189,73,16,361,167,29
936,7241,5570,18938,31749,186,79,13,182,85,10,366,157,34
937,5013,7798,15596,28407,181,87,9,183,77,14,360,169,28
938,6127,6684,17267,30078,185,83,11,183,81,12,363,163,31
939,8912,6684,18938,34534,189,73,16,186,81,12,366,157,34
940,6127,9469,15596,31192,184,83,11,188,71,17,360,169,28
941,4456,3899,17267,25622,182,89,8,180,91,7,363,163,31
942,10583,7241,16153,33977,189,67,19,181,79,13,361,167,29
943,7798,7798,17824,33420,188,77,14,188,77,14,364,161,32
944,6127,7798,18381,32306,185,83,11,188,77,14,365,159,33
945,5570,5013,18381,28964,183,85,10,183,87,9,365,159,33
946,7798,7241,16153,31192,188,77,14,187,79,13,361,167,29
947,7241,5570,22280,35091,187,79,13,183,85,10,372,145,40
948,7798,10583,18938,37319,188,77,14,193,67,19,366,157,34
949,7798,5013,20052,32863,186,77,14,183,87,9,368,153,36
950,3899,7241,21723,32863,175,91,7,187,79,13,371,147,39
951,5013,8355,20609,33977,180,87,9,185,75,15,369,151,37
952,8355,7241,15596,31192,181,75,15,182,79,13,360,169,28
953,6684,8355,17824,32863,186,81,12,189,75,15,364,161,32
954,10026,6127,17267,33420,184,69,18,184,83,11,363,163,31
955,8355,7798,16710,32863,187,75,15,182,77,14,362,165,30
956,8912,6684,21723,37319,190,73,16,186,81,12,371,147,39
957,7241,10026,18938,36205,184,79,13,180,69,18,366,157,34
958,5570,6684,16153,28407,174,85,10,183,81,12,361,167,29
959,8355,6127,16153,30635,187,75,15,185,83,11,361,167,29
960,10583,7241,17267,35091,191,67,19,184,79,13,363,163,31
961,7798,6684,17824,32306,175,77,14,186,81,12,364,161,32
962,8355,8912,19495,36762,187,75,15,190,73,16,367,155,35
963,9469,8355,16710,34534,191,71,17,182,75,15,362,165,30
964,8912,7241,15596,31749,189,73,16,187,79,13,360,169,28
965,7798,6684,20052,34534,186,77,14,186,81,12,368,153,36
966,6684,4456,17824,28964,185,81,12,182,89,8,364,161,32
967,8355,3899,18381,30635,186,75,15,181,91,7,365,159,33
968,6684,6127,18938,31749,179,81,12,185,83,11,366,157,34
969,8912,8355,18938,36205,185,73,16,188,75,15,366,157,34
970,8912,6684,15039,30635,189,73,16,186,81,12,359,171,27
971,6684,8355,15596,30635,185,81,12,184,75,15,360,169,28
972,8355,8355,16710,33420,188,75,15,186,75,15,362,165,30
973,3899,7241,19495,30635,176,91,7,185,79,13,367,155,35
974,6684,8355,17824,32863,185,81,12,189,75,15,364,161,32
975,7798,6127,23394,37319,187,77,14,179,83,11,374,141,42
976,6127,7241,18381,31749,177,83,11,187,79,13,365,159,33
977,6127,6684,16153,28964,184,83,11,184,81,12,361,167,29
978,7798,9469,22280,39547,181,77,14,190,71,17,372,145,40
979,5570,8355,18938,32863,184,85,10,188,75,15,366,157,34
980,9469,10583,14482,34534,191,71,17,193,67,19,358,173,26
981,6684,6127,16153,28964,186,81,12,184,83,11,361,167,29
982,6684,6127,18938,31749,186,81,12,181,83,11,366,157,34
983,10583,5013,18381,33977,193,67,19,183,87,9,365,159,33
984,4456,8912,21166,34534,181,89,8,185,73,16,370,149,38
985,6684,9469,20609,36762,186,81,12,184,71,17,369,151,37
986,5570,6684,15039,27293,180,85,10,186,81,12,359,171,27
987,4456,6684,17824,28964,182,89,8,186,81,12,364,161,32
988,8355,5013,16153,29521,188,75,15,178,87,9,361,167,29
989,9469,6684,16710,32863,190,71,17,184,81,12,362,165,30
990,7241,7798,17824,32863,184,79,13,188,77,14,364,161,32
991,7798,8912,17824,34534,188,77,14,185,73,16,364,161,32
992,5570,8912,18381,32863,184,85,10,187,73,16,365,159,33
993,7241,7241,18938,33420,187,79,13,187,79,13,366,157,34
994,8355,10583,18938,37876,186,75,15,193,67,19,366,157,34
995,7798,4456,13368,25622,182,77,14,182,89,8,356,177,24
996,7798,6127,21166,35091,186,77,14,178,83,11,370,149,38
997,6127,6684,16710,29521,179,83,11,182,81,12,362,165,30
998,6127,7241,17267,30635,184,83,11,181,79,13,363,163,31
999,7241,6684,14482,28407,182,79,13,183,81,12,358,173,26
