Number,H0 Cycles,H1 Cycles,H Cycles,Cycles,H0S0,H0S1,H0S2,H0S3,H1S0,H1S1,H1S2,H1S3,HS0,HS1,HS2,HS3
0,7044,7631,22306,36981,197,81,12,0,201,82,10,1,396,161,26,4
1,9979,7044,24067,41090,205,71,17,0,198,81,12,0,401,149,35,2
2,12327,8805,19371,40503,208,69,15,2,202,81,9,2,392,168,24,3
3,9979,9979,24654,44612,205,74,14,1,198,74,14,1,401,150,33,3
4,9979,12327,17610,39916,204,74,14,1,208,69,15,2,391,168,27,1
5,11740,11153,16436,39329,206,71,14,2,205,70,16,1,388,175,22,2
6,7631,8805,19958,36394,202,79,13,0,193,78,12,1,393,166,25,3
7,7631,13501,17610,38742,199,79,13,0,209,65,17,2,391,168,27,1
8,10566,8805,20545,39916,203,72,15,1,202,75,15,0,395,161,29,2
9,11153,7631,21719,40503,201,73,13,2,199,79,13,0,396,160,28,3
10,11153,14088,28176,53417,208,67,19,0,206,66,15,3,405,144,33,5
11,10566,11153,24067,45786,205,72,15,1,194,73,13,2,400,152,32,3
12,5870,9979,19958,35807,199,85,10,0,205,71,17,0,394,163,28,2
13,5870,9979,22306,38155,197,88,7,1,204,71,17,0,399,152,35,1
14,8218,8805,17610,34633,201,83,8,2,202,78,12,1,390,171,24,2
15,12914,10566,26415,49895,203,64,19,1,202,72,15,1,406,138,42,1
16,3522,14088,19958,37568,193,93,6,0,208,66,15,3,394,163,28,2
17,9392,4696,19371,33459,204,76,13,1,195,89,8,0,393,165,27,2
18,11153,7631,15849,34633,194,73,13,2,199,79,13,0,388,174,24,1
19,7631,12327,26415,46373,200,79,13,0,201,78,6,5,403,147,33,4
20,6457,10566,19371,36394,199,83,11,0,202,72,15,1,392,168,24,3
21,10566,8805,22893,42264,205,75,12,2,200,78,12,1,395,165,21,6
22,7044,5870,21132,34046,200,84,9,1,195,85,10,0,394,165,24,4
23,11740,13501,19958,45199,207,71,14,2,209,68,14,3,395,160,31,1
24,10566,8218,27002,45786,206,72,15,1,201,83,8,2,401,154,25,7
25,14088,6457,17023,37568,208,66,15,3,199,83,11,0,390,170,26,1
26,9979,8805,26415,45199,205,74,14,1,197,81,9,2,403,147,33,4
27,10566,14088,21132,45786,205,72,15,1,208,69,12,4,394,165,24,4
28,13501,7631,25828,46960,208,62,20,1,202,79,13,0,402,149,32,4
29,8218,9979,18784,36981,200,77,14,0,206,71,17,0,393,164,29,1
30,9979,10566,22306,42851,204,71,17,0,205,75,12,2,397,158,29,3
31,8805,11740,18784,39329,202,81,9,2,202,71,14,2,394,161,32,0
32,9979,9392,21719,41090,204,71,17,0,204,73,16,0,395,163,25,4
33,10566,9979,25828,46373,205,72,15,1,204,77,11,2,403,146,35,3
34,11153,5283,24654,41090,206,70,16,1,188,87,9,0,401,150,33,3
35,11153,5283,21132,37568,208,67,19,0,197,87,9,0,397,156,33,1
36,9392,7044,26415,42851,204,73,16,0,199,84,9,1,401,153,27,6
37,9392,4696,21719,35807,205,73,16,0,195,89,8,0,393,169,19,6
38,9979,7631,24067,41677,203,71,17,0,201,79,13,0,400,152,32,3
39,6457,7044,20545,34046,199,86,8,1,201,81,12,0,394,164,26,3
40,7044,10566,14088,31698,201,81,12,0,205,72,15,1,386,177,24,0
41,6457,11153,20545,38155,200,83,11,0,204,73,13,2,395,161,29,2
42,9979,10566,22306,42851,201,77,11,2,202,72,15,1,396,161,26,4
43,14088,16436,24067,54591,198,66,15,3,214,58,19,3,397,161,23,6
44,8218,8218,27589,44025,202,80,11,1,194,80,11,1,402,152,26,7
45,5283,4109,25241,34633,197,90,6,1,195,91,7,0,400,154,28,5
46,10566,9392,19371,39329,204,75,12,2,201,73,16,0,394,162,30,1
47,8218,10566,20545,39329,199,77,14,0,203,75,12,2,397,155,35,0
48,7044,8218,19371,34633,199,81,12,0,197,80,11,1,391,171,21,4
49,6457,9979,24654,41090,198,83,11,0,198,77,11,2,401,150,33,3
50,4696,12914,24067,41677,192,89,8,0,209,67,16,2,398,158,26,5
51,11153,7631,22893,41677,207,70,16,1,200,82,10,1,398,156,30,3
52,9979,8218,17023,35220,204,74,14,1,201,80,11,1,389,173,23,2
53,11153,8218,21719,41090,201,73,13,2,203,77,14,0,396,160,28,3
54,11740,12327,19958,44025,207,71,14,2,205,75,9,4,394,163,28,2
55,9392,9392,20545,39329,204,76,13,1,204,76,13,1,394,164,26,3
56,8218,8218,24654,41090,202,80,11,1,198,77,14,0,399,156,27,5
57,6457,8218,20545,35220,196,86,8,1,198,77,14,0,393,167,23,4
58,8805,9979,18197,36981,202,75,15,0,201,74,14,1,393,163,31,0
59,9392,5870,24654,39916,204,76,13,1,198,85,10,0,402,147,36,2
60,15849,9392,22306,47547,212,63,15,4,203,76,13,1,398,155,32,2
61,11740,5870,21132,38742,208,68,17,1,198,85,10,0,395,162,27,3
62,4696,5870,24654,35220,195,89,8,0,196,85,10,0,396,165,18,8
63,10566,13501,20545,44612,202,78,9,3,204,65,17,2,393,167,23,4
64,4696,6457,23480,34633,196,89,8,0,192,83,11,0,400,151,34,2
65,9392,9979,19371,38742,201,73,16,0,203,71,17,0,392,168,24,3
66,12327,8805,17023,38155,206,69,15,2,201,81,9,2,388,176,20,3
67,8218,10566,19958,38742,202,80,11,1,205,75,12,2,394,163,28,2
68,8218,15262,23480,46960,201,83,8,2,212,62,17,3,400,151,34,2
69,8218,10566,22893,41677,199,77,14,0,203,81,6,4,399,153,33,2
70,10566,7044,22893,40503,205,69,18,0,199,87,6,2,397,159,27,4
71,12914,9979,25241,48134,205,67,16,2,205,74,14,1,400,154,28,5
72,7044,8218,22893,38155,200,81,12,0,200,80,11,1,399,153,33,2
73,6457,12327,21719,40503,198,86,8,1,203,72,12,3,399,151,37,0
74,9979,5283,21719,36981,203,77,11,2,195,87,9,0,395,163,25,4
75,8218,10566,22306,41090,196,80,11,1,202,75,12,2,398,155,32,2
76,13501,10566,19958,44025,211,62,20,1,200,69,18,0,396,157,34,0
77,7044,14088,19958,41090,201,81,12,0,206,69,12,4,394,163,28,2
78,7631,11740,18784,38155,202,79,13,0,205,71,14,2,392,167,26,2
79,7631,7631,20545,35807,194,79,13,0,190,82,10,1,395,161,29,2
80,9979,11153,20545,41677,206,71,17,0,207,70,16,1,395,161,29,2
81,7044,11153,15262,33459,196,81,12,0,206,73,13,2,386,179,20,2
82,15262,12327,20545,48134,208,65,14,4,205,69,15,2,393,167,23,4
83,5870,4696,19958,30524,195,85,10,0,197,89,8,0,394,163,28,2
84,7044,12914,17610,37568,199,84,9,1,209,67,16,2,392,165,30,0
85,12327,12327,22893,47547,207,69,15,2,208,69,15,2,395,165,21,6
86,6457,7631,19371,33459,200,83,11,0,193,85,7,2,395,159,33,0
87,9979,5283,19371,34633,204,77,11,2,198,87,9,0,393,165,27,2
88,5870,15849,19371,41090,199,85,10,0,205,69,9,6,392,168,24,3
89,4696,9979,22306,36981,196,89,8,0,203,74,14,1,397,158,29,3
90,5870,11740,18197,35807,199,85,10,0,203,74,11,3,391,169,25,2
91,5870,11740,19958,37568,192,85,10,0,206,74,11,3,395,160,31,1
92,5870,7631,23480,36981,199,85,10,0,199,79,13,0,399,154,31,3
93,11153,9979,22893,44025,202,73,13,2,202,74,14,1,397,159,27,4
94,7631,11153,24654,43438,200,85,7,2,206,73,13,2,402,147,36,2
95,11153,5870,23480,40503,205,73,13,2,170,85,10,0,400,151,34,2
96,14675,9392,21132,45199,209,67,13,4,204,76,13,1,395,162,27,3
97,7044,11740,22306,41090,200,84,9,1,208,68,17,1,398,155,32,2
98,5283,6457,22306,34046,195,87,9,0,199,83,11,0,397,158,29,3
99,7631,11740,21719,41090,200,82,10,1,207,71,14,2,396,160,28,3
100,7631,9392,17610,34633,196,79,13,0,201,79,10,2,389,174,21,3
101,7631,7631,20545,35807,197,82,10,1,201,79,13,0,395,161,29,2
102,12327,11153,19371,42851,207,72,12,3,206,73,13,2,393,165,27,2
103,8805,7044,16436,32285,201,78,12,1,197,81,12,0,390,169,28,0
104,8805,9392,24654,42851,198,78,12,1,202,73,16,0,400,153,30,4
105,9979,5870,22893,38742,199,74,14,1,197,85,10,0,399,153,33,2
106,10566,9392,21719,41677,203,75,12,2,204,73,16,0,397,157,31,2
107,8218,9392,17023,34633,202,77,14,0,203,73,16,0,389,173,23,2
108,8218,4696,24654,37568,202,80,11,1,193,89,8,0,399,156,27,5
109,10566,11153,24654,46373,202,75,12,2,204,73,13,2,403,144,39,1
110,6457,7044,21719,35220,198,86,8,1,198,81,12,0,396,160,28,3
111,8218,8218,16436,32872,200,80,11,1,201,80,11,1,388,175,22,2
112,11153,9979,19958,41090,205,70,16,1,204,77,11,2,393,166,25,3
113,7044,7631,19958,34633,200,84,9,1,201,79,13,0,392,169,22,4
114,9392,6457,28176,44025,203,79,10,2,198,83,11,0,404,147,30,6
115,9392,6457,19958,35807,199,73,16,0,195,83,11,0,394,163,28,2
116,17610,13501,12914,44025,214,60,15,5,207,65,17,2,384,181,22,0
117,7631,11740,21132,40503,201,82,10,1,206,74,11,3,397,156,33,1
118,8805,4696,24654,38155,203,75,15,0,193,89,8,0,402,147,36,2
119,11740,4696,24654,41090,200,71,14,2,194,92,5,1,399,156,27,5
120,9392,10566,19958,39916,202,76,13,1,206,69,18,0,395,160,31,1
121,5870,9979,22306,38155,191,85,10,0,193,74,14,1,399,152,35,1
122,8805,9979,22893,41677,201,84,6,3,201,74,14,1,400,150,36,1
123,9392,7044,16436,32872,203,76,13,1,191,84,9,1,390,169,28,0
124,8218,6457,18197,32872,203,77,14,0,200,83,11,0,390,172,22,3
125,2935,9979,19371,32285,194,95,5,0,197,74,14,1,393,165,27,2
126,12914,11153,19958,44025,203,70,13,3,203,70,16,1,392,169,22,4
127,14675,8218,18197,41090,208,67,13,4,199,77,14,0,392,166,28,1
128,1761,6457,18197,26415,192,99,3,0,198,83,11,0,391,169,25,2
129,7044,10566,16436,34046,199,84,9,1,203,75,12,2,389,172,25,1
130,12327,8805,22893,44025,208,69,15,2,202,78,12,1,398,156,30,3
131,8218,9979,24067,42264,200,80,11,1,202,77,11,2,400,152,32,3
132,5283,9979,25828,41090,198,87,9,0,203,80,8,3,403,146,35,3
133,12914,7631,21132,41677,205,64,19,1,202,79,13,0,393,168,21,5
134,5870,6457,19371,31698,198,85,10,0,194,86,8,1,393,165,27,2
135,11740,11740,13501,36981,207,68,17,1,202,74,11,3,385,179,23,0
136,5870,5870,24654,36394,195,85,10,0,198,88,7,1,403,144,39,1
137,11153,7044,15849,34046,196,67,19,0,199,81,12,0,388,174,24,1
138,15262,11153,22893,49308,209,65,14,4,206,70,16,1,397,159,27,4
139,9979,8218,22306,40503,204,71,17,0,199,77,14,0,396,161,26,4
140,9979,9392,20545,39916,201,74,14,1,204,73,16,0,394,164,26,3
141,11153,8805,19371,39329,202,76,10,3,201,78,12,1,394,162,30,1
142,9979,14675,18197,42851,202,77,11,2,212,58,22,1,391,169,25,2
143,9979,7631,18197,35807,206,71,17,0,200,82,10,1,391,169,25,2
144,7631,8805,19958,36394,193,82,10,1,197,78,12,1,394,163,28,2
145,11153,9979,22306,43438,205,70,16,1,199,77,11,2,398,155,32,2
146,8218,9392,17610,35220,202,77,14,0,202,76,13,1,390,171,24,2
147,6457,7631,24654,38742,200,83,11,0,202,79,13,0,400,153,30,4
148,10566,11153,17023,38742,192,72,15,1,207,70,16,1,389,173,23,2
149,11740,7044,16436,35220,196,74,11,3,199,81,12,0,388,175,22,2
150,10566,5870,21719,38155,206,69,18,0,191,85,10,0,397,157,31,2
151,7631,10566,17023,35220,202,79,13,0,205,72,15,1,390,170,26,1
152,6457,11740,25828,44025,198,86,8,1,205,74,11,3,400,155,26,6
153,14088,7044,17023,38155,210,66,15,3,199,84,9,1,389,173,23,2
154,7631,17610,24067,49308,201,82,10,1,214,60,15,5,399,155,29,4
155,7631,7631,20545,35807,200,82,10,1,201,82,10,1,395,161,29,2
156,9979,9392,26415,45786,204,74,14,1,199,73,16,0,404,144,36,3
157,10566,5870,20545,36981,202,72,15,1,199,85,10,0,395,161,29,2
158,6457,9392,22893,38742,192,86,8,1,200,76,13,1,397,159,27,4
159,12914,9392,19958,42264,205,70,13,3,200,79,10,2,394,163,28,2
160,13501,11740,21132,46373,209,68,14,3,201,71,14,2,396,159,30,2
161,14088,6457,18197,38742,207,69,12,4,199,83,11,0,391,169,25,2
162,8218,15849,19371,43438,201,80,11,1,209,66,12,5,391,171,21,4
163,8218,5283,20545,34046,203,77,14,0,198,87,9,0,395,161,29,2
164,11740,9979,23480,45199,203,74,11,3,204,74,14,1,398,157,28,4
165,11153,8218,21719,41090,205,73,13,2,201,80,11,1,397,157,31,2
166,8218,11153,18784,38155,201,80,11,1,202,73,13,2,393,164,29,1
167,9979,7044,24654,41677,201,77,11,2,201,81,12,0,401,150,33,3
168,9392,7044,21132,37568,203,79,10,2,196,84,9,1,396,159,30,2
169,7044,12327,24067,43438,196,84,9,1,208,69,15,2,400,152,32,3
170,12914,12327,21719,46960,201,70,13,3,203,69,15,2,396,160,28,3
171,7631,12327,18784,38742,201,79,13,0,208,69,15,2,391,170,23,3
172,10566,9392,21132,41090,205,75,12,2,204,76,13,1,394,165,24,4
173,7044,9979,24067,41090,186,81,12,0,201,77,11,2,399,155,29,4
174,8218,8805,21719,38742,203,77,14,0,201,81,9,2,396,160,28,3
175,10566,9392,17023,36981,200,81,6,4,194,76,13,1,391,167,29,0
176,9392,11153,24067,44612,200,79,10,2,203,73,13,2,400,152,32,3
177,6457,9392,23480,39329,200,83,11,0,203,79,10,2,400,151,34,2
178,11153,8218,22306,41677,204,76,10,3,202,80,11,1,397,158,29,3
179,7044,8218,29937,45199,201,81,12,0,202,80,11,1,405,147,27,8
180,8805,9392,21132,39329,201,81,9,2,205,73,16,0,394,165,24,4
181,7631,9392,15262,32285,201,82,10,1,203,76,13,1,388,173,26,0
182,11740,8805,19958,40503,190,71,14,2,200,78,12,1,392,169,22,4
183,14675,7631,21719,44025,206,61,19,2,202,79,13,0,397,157,31,2
184,13501,9979,19371,42851,203,68,14,3,204,74,14,1,392,168,24,3
185,5283,7631,22306,35220,196,87,9,0,198,82,10,1,397,158,29,3
186,8805,8805,27589,45199,201,75,15,0,202,75,15,0,402,152,26,7
187,8218,11153,26415,45786,202,80,11,1,207,70,16,1,402,150,30,5
188,7631,15262,18784,41677,202,79,13,0,214,56,23,1,392,167,26,2
189,8805,11153,22306,42264,201,81,9,2,206,73,13,2,397,158,29,3
190,8805,5283,21132,35220,201,81,9,2,196,87,9,0,395,162,27,3
191,9392,6457,20545,36394,199,73,16,0,198,83,11,0,397,155,35,0
192,8805,6457,17610,32872,203,78,12,1,200,83,11,0,390,171,24,2
193,9392,14675,16436,40503,203,76,13,1,205,70,10,5,389,172,25,1
194,12914,7044,20545,40503,197,70,13,3,199,81,12,0,395,161,29,2
195,5870,5870,22306,34046,199,85,10,0,196,88,7,1,396,161,26,4
196,12914,10566,16436,39916,207,70,13,3,203,69,18,0,388,175,22,2
197,9979,11740,33459,55178,202,80,8,3,209,65,20,0,411,135,33,8
198,8218,12327,16436,36981,203,77,14,0,208,69,15,2,388,175,22,2
199,9392,9392,18784,37568,204,76,13,1,200,76,13,1,392,167,26,2
200,9392,14088,16436,39916,205,73,16,0,208,63,18,2,390,169,28,0
201,6457,10566,24654,41677,197,83,11,0,203,75,12,2,399,156,27,5
202,10566,5870,21132,37568,204,75,12,2,199,85,10,0,397,156,33,1
203,13501,8218,25241,46960,209,62,20,1,200,80,11,1,400,154,28,5
204,10566,9979,20545,41090,206,72,15,1,202,74,14,1,395,161,29,2
205,9979,9392,21719,41090,199,77,11,2,203,76,13,1,396,160,28,3
206,9392,7044,19958,36394,203,76,13,1,198,81,12,0,395,160,31,1
207,7631,5870,22893,36394,200,82,10,1,198,85,10,0,399,153,33,2
208,9392,8805,19958,38155,203,79,10,2,204,75,15,0,396,157,34,0
209,11153,10566,18784,40503,206,67,19,0,202,78,9,3,392,167,26,2
210,11153,10566,22306,44025,205,70,16,1,205,69,18,0,397,158,29,3
211,12327,8805,24067,45199,205,69,15,2,204,75,15,0,401,149,35,2
212,16436,7044,24654,48134,214,58,19,3,198,84,9,1,400,153,30,4
213,9979,9392,25828,45199,198,74,14,1,203,76,13,1,400,155,26,6
214,5870,7044,21132,34046,190,85,10,0,199,84,9,1,394,165,24,4
215,7631,8805,17023,33459,200,82,10,1,199,78,12,1,391,167,29,0
216,4109,7631,16436,28176,193,91,7,0,199,79,13,0,390,169,28,0
217,9392,8805,22893,41090,201,76,13,1,202,81,9,2,398,156,30,3
218,8218,7044,20545,35807,203,77,14,0,199,81,12,0,395,161,29,2
219,9979,15262,22306,47547,202,74,14,1,210,65,14,4,398,155,32,2
220,5283,18197,13501,36981,196,87,9,0,212,61,13,6,385,179,23,0
221,11153,7631,19371,38155,203,70,16,1,195,79,13,0,394,162,30,1
222,5870,14675,28176,48721,197,85,10,0,203,64,16,3,405,144,33,5
223,7044,9392,23480,39916,201,81,12,0,202,79,10,2,398,157,28,4
224,7631,8805,24067,40503,200,85,7,2,193,81,9,2,399,155,29,4
225,9392,7631,24654,41677,205,73,16,0,200,79,13,0,399,156,27,5
226,7044,10566,23480,41090,200,81,12,0,204,72,15,1,400,151,34,2
227,7044,9979,22306,39329,199,81,12,0,203,74,14,1,396,161,26,4
228,6457,8805,22306,37568,197,86,8,1,202,78,12,1,397,158,29,3
229,5870,5870,21132,32872,194,85,10,0,197,85,10,0,396,159,30,2
230,10566,8218,21132,39916,197,75,12,2,199,80,11,1,397,156,33,1
231,9392,9392,24654,43438,204,76,13,1,199,79,10,2,400,153,30,4
232,17023,15849,22306,55178,211,65,11,6,211,63,15,4,398,155,32,2
233,5870,7631,22306,35807,195,85,10,0,198,82,10,1,395,164,23,5
234,11740,11740,21132,44612,203,71,14,2,209,65,20,0,394,165,24,4
235,12327,6457,27002,45786,208,66,18,1,196,86,8,1,401,154,25,7
236,12327,7631,19371,39329,207,72,12,3,193,79,13,0,395,159,33,0
237,5283,12914,22306,40503,197,87,9,0,206,70,13,3,396,161,26,4
238,11153,5283,19371,35807,201,76,10,3,198,87,9,0,394,162,30,1
239,5870,8218,21719,35807,198,88,7,1,202,80,11,1,395,163,25,4
240,11153,8218,20545,39916,204,73,13,2,202,77,14,0,396,158,32,1
241,9979,9979,18197,38155,205,74,14,1,204,74,14,1,391,169,25,2
242,6457,6457,23480,36394,196,86,8,1,199,86,8,1,398,157,28,4
243,9392,11153,18784,39329,204,76,13,1,203,73,13,2,392,167,26,2
244,5870,9392,24654,39916,195,85,10,0,200,76,13,1,400,153,30,4
245,8805,9979,24067,42851,196,75,15,0,205,74,14,1,400,152,32,3
246,11740,5870,20545,38155,196,74,11,3,199,85,10,0,395,161,29,2
247,9979,9392,21132,40503,201,77,11,2,204,73,16,0,394,165,24,4
248,7631,6457,18784,32872,198,82,10,1,200,83,11,0,393,164,29,1
249,8805,5870,28176,42851,203,78,12,1,197,85,10,0,403,150,27,7
250,9979,6457,22893,39329,204,74,14,1,199,83,11,0,399,153,33,2
251,5870,8218,21719,35807,198,85,10,0,202,80,11,1,397,157,31,2
252,18197,4696,21132,44025,215,58,16,5,191,89,8,0,398,153,36,0
253,8218,11740,21719,41677,199,77,14,0,208,68,17,1,397,157,31,2
254,9392,11153,20545,41090,205,73,16,0,207,67,19,0,394,164,26,3
255,13501,7631,27002,48134,208,68,14,3,188,79,13,0,403,148,31,5
256,14675,13501,20545,48721,207,61,19,2,209,68,14,3,397,155,35,0
257,11153,10566,19958,41677,206,73,13,2,201,72,15,1,394,163,28,2
258,13501,8805,22893,45199,204,68,14,3,202,78,12,1,399,153,33,2
259,9979,9392,22306,41677,202,74,14,1,203,76,13,1,394,167,20,6
260,7631,11153,17023,35807,202,79,13,0,207,70,16,1,391,167,29,0
261,9392,6457,23480,39329,202,82,7,3,199,86,8,1,400,151,34,2
262,7044,8218,22306,37568,200,84,9,1,201,80,11,1,397,158,29,3
263,9392,5870,21132,36394,201,73,16,0,195,85,10,0,394,165,24,4
264,7631,12914,18197,38742,195,82,10,1,208,67,16,2,392,166,28,1
265,9392,12914,19371,41677,201,73,16,0,209,67,16,2,392,168,24,3
266,12914,9979,21132,44025,200,70,13,3,202,80,8,3,395,162,27,3
267,4696,12327,25241,42264,194,92,5,1,208,69,15,2,400,154,28,5
268,6457,9979,23480,39916,192,83,11,0,205,74,14,1,398,157,28,4
269,8218,15262,18784,42264,196,80,11,1,212,62,17,3,394,161,32,0
270,13501,8218,22306,44025,207,68,14,3,197,80,11,1,396,161,26,4
271,8218,11740,24654,44612,203,77,14,0,207,71,14,2,400,153,30,4
272,14088,8805,23480,46373,204,66,15,3,202,81,9,2,400,151,34,2
273,9392,12327,21132,42851,204,73,16,0,208,69,15,2,396,159,30,2
274,11153,8805,21132,41090,206,73,13,2,202,78,12,1,397,156,33,1
275,9392,9392,17610,36394,205,73,16,0,204,76,13,1,390,171,24,2
276,8218,6457,15849,30524,201,83,8,2,200,83,11,0,388,174,24,1
277,8218,7044,25241,40503,197,83,8,2,193,81,12,0,402,148,34,3
278,5283,2935,22306,30524,198,87,9,0,194,95,5,0,395,164,23,5
279,7044,15849,23480,46373,201,81,12,0,211,63,15,4,398,157,28,4
280,5870,14675,21132,41677,197,85,10,0,210,64,16,3,395,162,27,3
281,4696,6457,17610,28763,194,89,8,0,198,83,11,0,391,168,27,1
282,14088,9392,25828,49308,206,66,15,3,199,73,16,0,401,152,29,5
283,4109,6457,19958,30524,196,91,7,0,199,86,8,1,394,163,28,2
284,9392,10566,22893,42851,204,76,13,1,201,75,12,2,398,156,30,3
285,11740,8805,22306,42851,199,71,14,2,201,78,12,1,397,158,29,3
286,4696,10566,23480,38742,196,89,8,0,202,75,12,2,398,157,28,4
287,7631,9392,23480,40503,201,82,10,1,203,76,13,1,400,151,34,2
288,9392,15849,21132,46373,204,76,13,1,210,57,21,2,395,162,27,3
289,11153,10566,22306,44025,204,76,10,3,203,69,18,0,397,158,29,3
290,11153,12327,27002,50482,199,73,13,2,203,72,12,3,404,145,34,4
291,9392,8805,18197,36394,201,76,13,1,203,78,12,1,389,175,19,4
292,9979,5870,22893,38742,206,71,17,0,196,85,10,0,395,165,21,6
293,7631,9392,22306,39329,200,79,13,0,200,76,13,1,397,158,29,3
294,8805,14088,17023,39916,203,78,12,1,205,63,18,2,390,170,26,1
295,8805,9392,21719,39916,203,78,12,1,203,76,13,1,394,166,22,5
296,7631,5870,19958,33459,200,82,10,1,198,85,10,0,395,160,31,1
297,8218,16436,16436,41090,201,77,14,0,210,67,10,6,389,172,25,1
298,7044,7631,19958,34633,200,81,12,0,202,79,13,0,395,160,31,1
299,8218,9979,21719,39916,200,80,11,1,205,74,14,1,396,160,28,3
300,5283,10566,25241,41090,198,87,9,0,205,72,15,1,400,154,28,5
301,5870,7044,25828,38742,198,88,7,1,201,81,12,0,403,146,35,3
302,13501,10566,18784,42851,207,68,14,3,205,75,12,2,392,167,26,2
303,9392,5283,17023,31698,204,73,16,0,197,87,9,0,391,167,29,0
304,12914,12327,24654,49895,209,67,16,2,200,69,15,2,401,150,33,3
305,11153,8805,21132,41090,207,70,16,1,201,84,6,3,395,162,27,3
306,10566,6457,29937,46960,203,72,15,1,199,83,11,0,408,138,36,5
307,9979,10566,19958,40503,202,74,14,1,202,72,15,1,392,169,22,4
308,8218,5870,22306,36394,200,80,11,1,197,88,7,1,399,152,35,1
309,11153,7631,21719,40503,205,73,13,2,198,82,10,1,398,154,34,1
310,8218,9979,17610,35807,200,83,8,2,204,71,17,0,390,171,24,2
311,9979,3522,21719,35220,204,77,11,2,191,93,6,0,397,157,31,2
312,7631,9392,24654,41677,190,79,13,0,197,76,13,1,399,156,27,5
313,5283,12327,21132,38742,196,87,9,0,208,69,15,2,397,156,33,1
314,10566,7044,23480,41090,198,78,9,3,199,84,9,1,398,157,28,4
315,8218,10566,23480,42264,203,77,14,0,204,72,15,1,399,154,31,3
316,9979,8218,21719,39916,203,74,14,1,201,77,14,0,397,157,31,2
317,5870,13501,23480,42851,197,88,7,1,210,62,20,1,397,160,25,5
318,10566,8805,23480,42851,203,72,15,1,203,78,12,1,398,157,28,4
319,8218,5870,24067,38155,200,80,11,1,198,85,10,0,399,155,29,4
320,12327,10566,22306,45199,206,72,12,3,204,75,12,2,395,164,23,5
321,11153,9392,23480,44025,206,73,13,2,203,76,13,1,396,163,22,6
322,13501,9392,21719,44612,206,65,17,2,200,79,10,2,396,160,28,3
323,7631,7631,18784,34046,199,82,10,1,201,82,10,1,393,164,29,1
324,8805,13501,24067,46373,203,78,12,1,207,68,14,3,398,158,26,5
325,11740,7631,21719,41090,208,68,17,1,200,82,10,1,397,157,31,2
326,10566,9979,22893,43438,205,75,12,2,204,74,14,1,398,156,30,3
327,7044,11740,19371,38155,193,81,12,0,196,65,20,0,393,165,27,2
328,10566,6457,19371,36394,203,72,15,1,199,83,11,0,393,165,27,2
329,9979,7631,27589,45199,200,74,14,1,201,79,13,0,402,152,26,7
330,9392,4696,18784,32872,205,73,16,0,196,89,8,0,392,167,26,2
331,11740,12327,24067,48134,208,68,17,1,207,72,12,3,399,155,29,4
332,7631,7631,15262,30524,200,85,7,2,202,79,13,0,388,173,26,0
333,15849,9392,21132,46373,202,69,9,6,205,73,16,0,395,162,27,3
334,11153,7631,17610,36394,204,73,13,2,196,79,13,0,390,171,24,2
335,13501,5283,15262,34046,209,65,17,2,192,87,9,0,388,173,26,0
336,9392,8805,15849,34046,204,76,13,1,201,78,12,1,387,177,21,2
337,4696,8805,21719,35220,195,89,8,0,196,75,15,0,396,160,28,3
338,13501,6457,18784,38742,207,65,17,2,198,83,11,0,392,167,26,2
339,10566,11153,23480,45199,204,69,18,0,207,70,16,1,398,157,28,4
340,8218,8805,19958,36981,199,80,11,1,203,75,15,0,393,166,25,3
341,9392,5870,18197,33459,204,76,13,1,192,88,7,1,391,169,25,2
342,12914,5283,22893,41090,208,70,13,3,197,87,9,0,398,156,30,3
343,8218,14088,19371,41677,193,80,11,1,208,69,12,4,392,168,24,3
344,11740,8805,19958,40503,207,65,20,0,203,78,12,1,394,163,28,2
345,9392,6457,25241,41090,204,76,13,1,198,83,11,0,402,148,34,3
346,8218,18197,21132,47547,196,77,14,0,215,55,19,4,398,153,36,0
347,5283,10566,20545,36394,192,87,9,0,205,72,15,1,396,158,32,1
348,14675,6457,25241,46373,205,67,13,4,200,83,11,0,400,154,28,5
349,7044,5283,24654,36981,190,81,12,0,192,87,9,0,400,153,30,4
350,9392,13501,24067,46960,199,82,7,3,203,68,14,3,400,152,32,3
351,17023,8218,27589,52830,213,59,17,4,198,77,14,0,404,146,32,5
352,7631,10566,24654,42851,198,79,13,0,205,72,15,1,398,159,24,6
353,7631,11153,17610,36394,197,79,13,0,198,76,10,3,390,171,24,2
354,8805,10566,19371,38742,198,78,12,1,204,72,15,1,394,162,30,1
355,8218,5283,19958,33459,201,80,11,1,195,87,9,0,395,160,31,1
356,9979,9392,21132,40503,198,77,11,2,204,76,13,1,396,159,30,2
357,11740,8805,16436,36981,209,65,20,0,203,75,15,0,389,172,25,1
358,7631,10566,21132,39329,197,82,10,1,204,75,12,2,397,156,33,1
359,11740,11153,20545,43438,201,74,11,3,205,73,13,2,395,161,29,2
360,7631,11153,20545,39329,199,79,13,0,206,73,13,2,394,164,26,3
361,14675,9979,24067,48721,212,61,19,2,203,74,14,1,400,152,32,3
362,8218,11740,22306,42264,201,80,11,1,204,71,14,2,397,158,29,3
363,7044,7631,17610,32285,201,81,12,0,201,79,13,0,391,168,27,1
364,5283,11740,25241,42264,198,87,9,0,207,71,14,2,401,151,31,4
365,14675,11740,18784,45199,211,64,16,3,207,68,17,1,393,164,29,1
366,8805,14088,19371,42264,201,81,9,2,211,63,18,2,393,165,27,2
367,5870,14675,24067,44612,198,85,10,0,203,64,16,3,399,155,29,4
368,9392,11740,24067,45199,202,73,16,0,208,68,17,1,397,161,23,6
369,11153,9979,26415,47547,204,79,7,4,203,77,11,2,406,138,42,1
370,9392,7631,19371,36394,203,76,13,1,196,82,10,1,393,165,27,2
371,7044,14675,27002,48721,198,81,12,0,211,64,16,3,403,148,31,5
372,10566,10566,22893,44025,201,72,15,1,205,72,15,1,398,156,30,3
373,5870,8218,25828,39916,199,85,10,0,202,80,11,1,402,149,32,4
374,9979,8218,22893,41090,204,74,14,1,201,83,8,2,397,159,27,4
375,11153,11153,18784,41090,205,73,13,2,207,70,16,1,392,167,26,2
376,13501,8805,28763,51069,208,68,14,3,202,78,12,1,404,148,28,7
377,10566,8218,26415,45199,204,72,15,1,199,83,8,2,403,147,33,4
378,12327,5870,22893,41090,204,69,15,2,197,85,10,0,398,156,30,3
379,11153,6457,21132,38742,207,70,16,1,199,83,11,0,393,168,21,5
380,7631,6457,18784,32872,200,79,13,0,200,83,11,0,392,167,26,2
381,8218,5283,21132,34633,200,77,14,0,196,87,9,0,396,159,30,2
382,14088,4696,21132,39916,205,66,15,3,196,89,8,0,394,165,24,4
383,9392,11740,25828,46960,203,76,13,1,206,71,14,2,401,152,29,5
384,11153,7044,18784,36981,206,73,13,2,200,81,12,0,394,161,32,0
385,15262,17023,23480,55765,205,68,11,5,213,59,17,4,400,151,34,2
386,8805,10566,22893,42264,202,78,12,1,203,72,15,1,397,159,27,4
387,12327,11153,24067,47547,206,72,12,3,205,73,13,2,396,164,20,7
388,7631,7044,24654,39329,202,79,13,0,195,84,9,1,401,150,33,3
389,10566,10566,15262,36394,205,72,15,1,207,69,18,0,388,173,26,0
390,14675,12914,17023,44612,208,61,19,2,208,70,13,3,389,173,23,2
391,10566,11740,29350,51656,202,75,12,2,206,74,11,3,405,146,29,7
392,12327,8805,23480,44612,207,72,12,3,201,78,12,1,400,151,34,2
393,9392,10566,16436,36394,200,73,16,0,204,72,15,1,388,175,22,2
394,12914,7044,22306,42264,208,70,13,3,199,81,12,0,399,152,35,1
395,7631,6457,20545,34633,196,79,13,0,198,83,11,0,393,167,23,4
396,11153,10566,22306,44025,203,73,13,2,206,69,18,0,399,152,35,1
397,5870,5870,22893,34633,198,85,10,0,195,85,10,0,399,153,33,2
398,10566,9392,24067,44025,206,72,15,1,201,73,16,0,400,152,32,3
399,7044,8218,24654,39916,195,81,12,0,200,83,8,2,401,150,33,3
400,13501,7631,19958,41090,209,68,14,3,198,82,10,1,395,160,31,1
401,10566,11740,18784,41090,200,75,12,2,207,68,17,1,393,164,29,1
402,13501,11153,21132,45786,207,62,20,1,203,73,13,2,396,159,30,2
403,8218,7631,19958,35807,203,77,14,0,201,82,10,1,394,163,28,2
404,8218,4109,25241,37568,201,80,11,1,196,91,7,0,399,157,25,6
405,8805,9979,24067,42851,197,78,12,1,199,77,11,2,399,155,29,4
406,7631,5870,25828,39329,202,79,13,0,194,85,10,0,402,149,32,4
407,7044,7631,19958,34633,197,84,9,1,197,85,7,2,394,163,28,2
408,10566,3522,24067,38155,206,72,15,1,195,93,6,0,400,152,32,3
409,7631,9979,26415,44025,202,79,13,0,205,74,14,1,404,144,36,3
410,7631,15262,23480,46373,200,79,13,0,204,68,11,5,398,157,28,4
411,11153,9392,23480,44025,207,70,16,1,201,73,16,0,399,154,31,3
412,8805,6457,21132,36394,203,78,12,1,198,86,8,1,394,165,24,4
413,1761,7631,26415,35807,190,99,3,0,200,79,13,0,404,144,36,3
414,10566,7631,25241,43438,204,69,18,0,200,79,13,0,401,151,31,4
415,4696,9392,21132,35220,194,89,8,0,204,76,13,1,395,162,27,3
416,5870,15262,21132,42264,199,85,10,0,211,62,17,3,395,162,27,3
417,8218,9979,18784,36981,201,77,14,0,205,74,14,1,392,167,26,2
418,10566,9392,17023,36981,204,72,15,1,203,79,10,2,390,170,26,1
419,8218,10566,17610,36394,202,80,11,1,203,78,9,3,392,165,30,0
420,13501,7044,18197,38742,209,68,14,3,201,81,12,0,391,169,25,2
421,7631,7631,21132,36394,202,79,13,0,199,82,10,1,393,168,21,5
422,11740,8218,19371,39329,207,71,14,2,198,77,14,0,394,162,30,1
423,7044,7044,22893,36981,199,81,12,0,196,84,9,1,398,156,30,3
424,7631,9979,15849,33459,201,79,13,0,205,74,14,1,387,177,21,2
425,11153,8805,22893,42851,204,70,16,1,203,78,12,1,400,150,36,1
426,6457,4109,28176,38742,184,83,11,0,194,94,4,1,404,147,30,6
427,7044,15849,21719,44612,199,84,9,1,211,66,12,5,396,160,28,3
428,12914,6457,22306,41677,207,73,10,4,200,83,11,0,397,158,29,3
429,10566,8218,23480,42264,206,72,15,1,202,80,11,1,401,148,37,1
430,11740,11153,18784,41677,207,71,14,2,206,70,16,1,391,170,23,3
431,8218,13501,20545,42264,189,77,14,0,205,68,14,3,393,167,23,4
432,12327,9979,21719,44025,208,69,15,2,204,77,11,2,395,163,25,4
433,10566,9392,19958,39916,206,72,15,1,203,76,13,1,392,169,22,4
434,8218,8218,19371,35807,199,77,14,0,201,77,14,0,393,165,27,2
435,7044,8805,22893,38742,196,81,12,0,201,81,9,2,396,162,24,5
436,11153,11153,15849,38155,201,73,13,2,204,73,13,2,389,171,27,0
437,5283,9392,18197,32872,198,87,9,0,199,76,13,1,392,166,28,1
438,7631,10566,17610,35807,190,85,7,2,190,75,12,2,390,171,24,2
439,10566,11153,22306,44025,205,72,15,1,205,73,13,2,398,155,32,2
440,8218,4696,23480,36394,193,80,11,1,195,89,8,0,399,154,31,3
441,10566,17023,21719,49308,206,72,15,1,209,62,14,5,397,157,31,2
442,7044,8805,22306,38155,200,84,9,1,196,75,15,0,398,155,32,2
443,10566,7044,23480,41090,205,69,18,0,199,81,12,0,399,154,31,3
444,9392,7044,24067,40503,199,76,13,1,191,81,12,0,398,158,26,5
445,7044,9392,22893,39329,196,84,9,1,203,73,16,0,396,162,24,5
446,12914,5870,18197,36981,208,64,19,1,198,88,7,1,391,169,25,2
447,9979,8805,22306,41090,204,74,14,1,201,78,12,1,397,158,29,3
448,10566,7631,19371,37568,198,75,12,2,202,79,13,0,392,168,24,3
449,7631,7044,27002,41677,200,82,10,1,197,84,9,1,404,145,34,4
450,15849,11153,19958,46960,211,57,21,2,207,70,16,1,392,169,22,4
451,7044,13501,23480,44025,200,81,12,0,209,65,17,2,400,151,34,2
452,11740,6457,22893,41090,207,68,17,1,195,83,11,0,396,162,24,5
453,11740,8218,21719,41677,206,71,14,2,200,80,11,1,396,160,28,3
454,6457,9979,21719,38155,197,83,11,0,203,77,11,2,394,166,22,5
455,11740,13501,24654,49895,205,71,14,2,210,65,17,2,401,150,33,3
456,8218,6457,19371,34046,200,77,14,0,198,83,11,0,392,168,24,3
457,7631,4696,15849,28176,200,79,13,0,192,89,8,0,388,174,24,1
458,11740,2935,19371,34046,204,71,14,2,194,95,5,0,393,165,27,2
459,10566,12327,22306,45199,205,72,15,1,204,69,15,2,395,164,23,5
460,7631,8218,24654,40503,197,82,10,1,201,80,11,1,400,153,30,4
461,9392,13501,25241,48134,203,79,10,2,208,65,17,2,400,154,28,5
462,11153,7631,15262,34046,206,70,16,1,201,82,10,1,387,176,23,1
463,10566,13501,25241,49308,205,75,12,2,206,65,17,2,400,154,28,5
464,9392,7631,22306,39329,205,73,16,0,201,79,13,0,397,158,29,3
465,2348,9979,22893,35220,183,97,4,0,202,77,11,2,397,159,27,4
466,9979,4696,24067,38742,204,77,11,2,193,89,8,0,399,155,29,4
467,5283,11153,24654,41090,197,90,6,1,202,76,10,3,401,150,33,3
468,11153,6457,15849,33459,204,70,16,1,200,83,11,0,389,171,27,0
469,8218,4696,18784,31698,200,77,14,0,197,89,8,0,392,167,26,2
470,8218,5283,20545,34046,192,77,14,0,197,87,9,0,392,170,20,5
471,13501,12327,19958,45786,207,68,14,3,204,75,9,4,393,166,25,3
472,7631,5870,22893,36394,193,82,10,1,199,85,10,0,397,159,27,4
473,10566,17023,29350,56939,205,75,12,2,210,62,14,5,407,140,35,5
474,8805,7631,15849,32285,203,78,12,1,201,79,13,0,387,177,21,2
475,8218,8218,27589,44025,200,80,11,1,201,77,14,0,407,137,41,2
476,13501,14675,19958,48134,210,65,17,2,207,70,10,5,392,169,22,4
477,8805,10566,19371,38742,201,78,12,1,205,69,18,0,393,165,27,2
478,4696,9392,28176,42264,195,89,8,0,204,76,13,1,403,150,27,7
479,11740,7044,22306,41090,205,71,14,2,197,81,12,0,396,161,26,4
480,11740,12327,21719,45786,204,74,11,3,208,66,18,1,397,157,31,2
481,8218,6457,25241,39916,203,77,14,0,199,86,8,1,401,151,31,4
482,9392,9392,23480,42264,198,76,13,1,204,76,13,1,398,157,28,4
483,9979,11740,18784,40503,205,74,14,1,204,71,14,2,394,161,32,0
484,12914,7044,28763,48721,205,70,13,3,187,81,12,0,406,142,34,5
485,4109,3522,23480,31111,195,91,7,0,195,93,6,0,400,151,34,2
486,12914,5870,19371,38155,208,70,13,3,196,85,10,0,393,165,27,2
487,5870,6457,22306,34633,191,85,10,0,194,86,8,1,400,149,38,0
488,4696,12327,25828,42851,196,89,8,0,205,72,12,3,404,143,38,2
489,9979,4696,18197,32872,204,74,14,1,197,89,8,0,391,169,25,2
490,15262,8218,24067,47547,210,65,14,4,195,80,11,1,399,155,29,4
491,10566,6457,22893,39916,205,72,15,1,199,86,8,1,395,165,21,6
492,11740,5870,24067,41677,205,68,17,1,194,85,10,0,399,155,29,4
493,8218,6457,25241,39916,202,80,11,1,200,83,11,0,402,148,34,3
494,7631,8218,19371,35220,199,79,13,0,203,77,14,0,395,159,33,0
495,9979,7631,19371,36981,205,74,14,1,201,79,13,0,393,165,27,2
496,9979,9392,22306,41677,192,74,14,1,205,73,16,0,396,161,26,4
497,7631,6457,27589,41677,199,82,10,1,198,83,11,0,406,140,38,3
498,7044,6457,22306,35807,200,81,12,0,198,83,11,0,397,158,29,3
499,5870,7044,20545,33459,195,85,10,0,194,81,12,0,395,161,29,2
500,9979,12327,27589,49895,204,74,14,1,206,66,18,1,403,149,29,6
501,10566,11153,19371,41090,200,78,9,3,207,70,16,1,393,165,27,2
502,3522,8218,21132,32872,195,93,6,0,202,80,11,1,395,162,27,3
503,8805,9979,17023,35807,203,78,12,1,203,80,8,3,391,167,29,0
504,11153,6457,17610,35220,208,67,19,0,198,83,11,0,388,177,18,4
505,5870,8805,24067,38742,198,85,10,0,202,75,15,0,399,155,29,4
506,13501,7044,18197,38742,210,65,17,2,199,84,9,1,392,166,28,1
507,10566,7631,22306,40503,203,72,15,1,197,82,10,1,397,158,29,3
508,3522,8805,22893,35220,190,93,6,0,202,75,15,0,399,153,33,2
509,8805,8805,21719,39329,202,78,12,1,200,81,9,2,395,163,25,4
510,12327,7044,18784,38155,208,69,15,2,196,84,9,1,390,173,20,4
511,9979,9979,21719,41677,201,74,14,1,199,74,14,1,397,157,31,2
512,9392,5870,19958,35220,203,76,13,1,199,85,10,0,392,169,22,4
513,7631,8805,19958,36394,191,82,10,1,203,78,12,1,394,163,28,2
514,11153,8218,22893,42264,204,70,16,1,202,80,11,1,398,156,30,3
515,8218,5283,20545,34046,196,80,11,1,197,87,9,0,394,164,26,3
516,8218,9392,21719,39329,203,77,14,0,204,76,13,1,396,160,28,3
517,15849,9979,17610,43438,205,63,15,4,205,74,14,1,390,171,24,2
518,8218,7631,20545,36394,200,80,11,1,194,82,10,1,395,161,29,2
519,8805,5283,23480,37568,199,78,12,1,197,90,6,1,399,154,31,3
520,14088,7631,23480,45199,210,66,15,3,201,82,10,1,398,157,28,4
521,12327,11153,20545,44025,206,72,12,3,206,73,13,2,396,158,32,1
522,9979,10566,25241,45786,206,71,17,0,195,75,12,2,401,151,31,4
523,5870,10566,27589,44025,199,85,10,0,197,75,12,2,404,146,32,5
524,9392,10566,25241,45199,203,79,10,2,205,72,15,1,402,148,34,3
525,14675,11153,17023,42851,211,64,16,3,205,73,13,2,389,173,23,2
526,9392,9392,26415,45199,201,76,13,1,204,76,13,1,401,153,27,6
527,9979,8805,21132,39916,203,74,14,1,200,81,9,2,396,159,30,2
528,9392,7044,23480,39916,203,76,13,1,199,81,12,0,398,157,28,4
529,14675,11153,18197,44025,200,67,13,4,205,73,13,2,392,166,28,1
530,10566,10566,22893,44025,205,75,12,2,194,75,12,2,397,159,27,4
531,9392,7631,19958,36981,205,73,16,0,200,79,13,0,393,166,25,3
532,7631,9392,22306,39329,199,82,10,1,199,76,13,1,397,158,29,3
533,5870,11740,19371,36981,199,85,10,0,205,71,14,2,392,168,24,3
534,13501,6457,24067,44025,206,59,23,0,197,86,8,1,400,152,32,3
535,13501,11740,26415,51656,208,68,14,3,207,68,17,1,400,156,24,7
536,11740,11740,18197,41677,206,71,14,2,204,74,11,3,393,163,31,0
537,11740,11153,17023,39916,208,68,17,1,207,70,16,1,390,170,26,1
538,8218,12327,16436,36981,200,86,5,3,203,72,12,3,386,181,16,4
539,5283,9392,27589,42264,198,87,9,0,200,79,10,2,402,152,26,7
540,8805,7631,19958,36394,203,78,12,1,201,82,10,1,394,163,28,2
541,10566,5283,15262,31111,206,72,15,1,196,87,9,0,387,176,23,1
542,7631,10566,17023,35220,201,79,13,0,203,72,15,1,389,173,23,2
543,11740,11153,17610,40503,205,71,14,2,204,70,16,1,390,171,24,2
544,5870,5870,25828,37568,195,85,10,0,198,85,10,0,401,152,29,5
545,7044,9979,25828,42851,201,81,12,0,201,74,14,1,401,152,29,5
546,7631,10566,18784,36981,201,82,10,1,202,72,15,1,394,161,32,0
547,9392,8805,23480,41677,191,73,16,0,202,81,9,2,398,157,28,4
548,13501,5870,17023,36394,207,68,14,3,198,88,7,1,389,173,23,2
549,8218,6457,21719,36394,199,83,8,2,194,83,11,0,397,157,31,2
550,12914,9392,28763,51069,209,67,16,2,204,76,13,1,406,142,34,5
551,11153,7631,19958,38742,206,73,13,2,199,82,10,1,393,166,25,3
552,8218,6457,21719,36394,191,80,11,1,199,86,8,1,395,163,25,4
553,8218,14088,22893,45199,201,80,11,1,209,66,15,3,398,156,30,3
554,14088,4696,24067,42851,208,63,18,2,197,89,8,0,399,155,29,4
555,7631,5283,17610,30524,201,82,10,1,195,90,6,1,390,171,24,2
556,9392,11153,25828,46373,193,79,10,2,203,70,16,1,402,149,32,4
557,7044,10566,17610,35220,200,84,9,1,204,75,12,2,390,171,24,2
558,7631,11153,17610,36394,195,85,7,2,206,73,13,2,391,168,27,1
559,9392,11153,21132,41677,204,76,13,1,204,73,13,2,395,162,27,3
560,8805,12914,24067,45786,201,78,12,1,205,70,13,3,400,152,32,3
561,8218,3522,19371,31111,198,80,11,1,194,93,6,0,391,171,21,4
562,8805,10566,20545,39916,198,75,15,0,207,69,18,0,394,164,26,3
563,10566,11740,25828,48134,198,69,18,0,207,68,17,1,400,155,26,6
564,11153,4109,19958,35220,207,70,16,1,195,91,7,0,392,169,22,4
565,7044,8805,19958,35807,198,84,9,1,201,75,15,0,396,157,34,0
566,8805,10566,23480,42851,202,78,12,1,205,75,12,2,398,157,28,4
567,7631,8805,23480,39916,201,82,10,1,198,81,9,2,399,154,31,3
568,7631,12327,18784,38742,202,79,13,0,206,66,18,1,393,164,29,1
569,12914,9392,22893,45199,199,64,19,1,202,76,13,1,398,156,30,3
570,9979,4109,22893,36981,204,77,11,2,194,91,7,0,399,153,33,2
571,13501,12327,19958,45786,210,65,17,2,208,69,15,2,393,166,25,3
572,7631,7044,24067,38742,197,82,10,1,198,84,9,1,401,149,35,2
573,8805,7631,19371,35807,194,78,12,1,197,82,10,1,394,162,30,1
574,7631,8805,20545,36981,197,82,10,1,197,81,9,2,394,164,26,3
575,7631,12327,24654,44612,199,82,10,1,207,69,15,2,399,156,27,5
576,5870,8218,19958,34046,198,85,10,0,199,80,11,1,392,169,22,4
577,8218,9392,18784,36394,198,80,11,1,200,82,7,3,393,164,29,1
578,10566,8805,20545,39916,201,75,12,2,203,78,12,1,392,170,20,5
579,8218,9392,21132,38742,186,83,8,2,203,79,10,2,395,162,27,3
580,8218,7631,19371,35220,200,80,11,1,196,85,7,2,393,165,27,2
581,12914,12914,25241,51069,205,73,10,4,206,67,16,2,401,151,31,4
582,15849,10566,22306,48721,208,66,12,5,202,69,18,0,396,161,26,4
583,7631,6457,22893,36981,198,82,10,1,200,83,11,0,398,156,30,3
584,10566,8805,19371,38742,204,72,15,1,204,75,15,0,392,168,24,3
585,7044,8805,16436,32285,199,84,9,1,202,81,9,2,389,172,25,1
586,5283,6457,24067,35807,197,87,9,0,198,83,11,0,400,152,32,3
587,11740,12327,21132,45199,205,74,11,3,207,72,12,3,395,162,27,3
588,7044,7631,20545,35220,195,81,12,0,201,82,10,1,394,164,26,3
589,9392,8218,14088,31698,204,76,13,1,201,80,11,1,385,180,21,1
590,11153,9979,26415,47547,207,70,16,1,205,71,17,0,401,153,27,6
591,5870,9979,24067,39916,199,85,10,0,203,77,11,2,400,152,32,3
592,10566,9979,25828,46373,205,75,12,2,202,77,11,2,401,152,29,5
593,5870,9392,21719,36981,196,85,10,0,194,79,10,2,395,163,25,4
594,13501,6457,22306,42264,204,71,11,4,197,83,11,0,399,152,35,1
595,11153,8218,25828,45199,205,70,16,1,194,77,14,0,400,155,26,6
596,11153,18784,16436,46373,197,73,13,2,213,56,17,5,389,172,25,1
597,9392,9392,18784,37568,204,76,13,1,204,76,13,1,390,173,20,4
598,5870,7631,19371,32872,197,85,10,0,201,82,10,1,394,162,30,1
599,7044,9392,19371,35807,200,84,9,1,201,82,7,3,394,162,30,1
600,9979,9392,24654,44025,200,80,8,3,204,76,13,1,401,150,33,3
601,8805,10566,18784,38155,201,78,12,1,202,75,12,2,391,170,23,3
602,6457,8218,21719,36394,200,83,11,0,201,80,11,1,396,160,28,3
603,8805,5870,16436,31111,198,78,12,1,197,88,7,1,389,172,25,1
604,4696,11740,31698,48134,197,89,8,0,195,71,14,2,413,126,45,3
605,8805,2935,21719,33459,203,75,15,0,194,95,5,0,395,163,25,4
606,8218,9979,25241,43438,202,80,11,1,177,77,11,2,403,145,37,2
607,6457,12327,19958,38742,197,83,11,0,206,66,18,1,394,163,28,2
608,9392,9392,16436,35220,202,79,10,2,202,79,10,2,389,172,25,1
609,14088,15849,19371,49308,204,66,15,3,212,60,18,3,393,165,27,2
610,4109,8218,22893,35220,195,91,7,0,202,80,11,1,397,159,27,4
611,14088,11740,20545,46373,211,60,21,1,201,74,11,3,396,158,32,1
612,12327,9392,19958,41677,207,66,18,1,201,76,13,1,395,160,31,1
613,9979,6457,22306,38742,202,80,8,3,200,83,11,0,395,164,23,5
614,7044,8218,18784,34046,197,84,9,1,202,80,11,1,390,173,20,4
615,10566,7044,18784,36394,204,72,15,1,200,84,9,1,391,170,23,3
616,4696,6457,25828,36981,196,89,8,0,200,83,11,0,401,152,29,5
617,6457,5870,21132,33459,200,83,11,0,193,88,7,1,396,159,30,2
618,12327,11740,18784,42851,207,72,12,3,205,71,14,2,392,167,26,2
619,5870,9979,17610,33459,196,85,10,0,202,77,11,2,390,171,24,2
620,8218,6457,16436,31111,201,80,11,1,195,83,11,0,388,175,22,2
621,9979,4696,19958,34633,204,77,11,2,192,89,8,0,394,163,28,2
622,14088,5870,22306,42264,210,66,15,3,198,85,10,0,396,161,26,4
623,5870,11153,24654,41677,199,85,10,0,190,70,16,1,400,153,30,4
624,8805,5283,14675,28763,200,78,12,1,196,87,9,0,386,178,22,1
625,8805,3522,28763,41090,204,75,15,0,195,93,6,0,406,142,34,5
626,11740,9979,23480,45199,207,68,17,1,200,80,8,3,398,157,28,4
627,8805,2935,19958,31698,204,75,15,0,194,95,5,0,393,166,25,3
628,11153,11153,27589,49895,201,73,13,2,206,73,13,2,405,143,35,4
629,7044,5870,21132,34046,199,81,12,0,199,85,10,0,395,162,27,3
630,9392,4696,19371,33459,204,76,13,1,194,89,8,0,393,165,27,2
631,12914,4696,22893,40503,207,67,16,2,197,89,8,0,398,156,30,3
632,9392,9979,19371,38742,202,79,10,2,194,77,11,2,395,159,33,0
633,11153,8218,22306,41677,207,70,16,1,201,77,14,0,397,158,29,3
634,5283,7631,22306,35220,192,87,9,0,199,82,10,1,398,155,32,2
635,8805,14088,22306,45199,203,78,12,1,201,69,12,4,398,155,32,2
636,8218,13501,28763,50482,190,77,14,0,203,71,11,4,407,139,37,4
637,4696,6457,21719,32872,197,89,8,0,198,83,11,0,397,157,31,2
638,14088,7044,24067,45199,209,66,15,3,199,81,12,0,399,155,29,4
639,7631,8218,19958,35807,197,82,10,1,202,80,11,1,393,166,25,3
640,14675,12327,20545,47547,208,67,13,4,207,69,15,2,395,161,29,2
641,8805,8218,22306,39329,200,81,9,2,202,77,14,0,398,155,32,2
642,11153,13501,22306,46960,205,73,13,2,209,68,14,3,397,158,29,3
643,15262,9979,23480,48721,211,65,14,4,205,74,14,1,398,157,28,4
644,12327,9979,27589,49895,208,69,15,2,204,71,17,0,402,152,26,7
645,8218,12327,28763,49308,202,80,11,1,207,66,18,1,407,139,37,4
646,12914,11153,18784,42851,205,67,16,2,205,70,16,1,391,170,23,3
647,12327,11153,23480,46960,209,66,18,1,207,70,16,1,401,148,37,1
648,9979,14088,21719,45786,198,71,17,0,209,66,15,3,397,157,31,2
649,10566,6457,21132,38155,204,72,15,1,195,83,11,0,396,159,30,2
650,8805,7631,18197,34633,202,81,9,2,200,82,10,1,391,169,25,2
651,12327,9392,18197,39916,209,66,18,1,201,73,16,0,391,169,25,2
652,7631,7631,21719,36981,196,79,13,0,196,85,7,2,397,157,31,2
653,4109,8805,22306,35220,196,91,7,0,200,78,12,1,396,161,26,4
654,4696,12327,17610,34633,197,89,8,0,204,69,15,2,391,168,27,1
655,11153,15262,15262,41677,207,70,16,1,205,62,17,3,385,182,17,3
656,6457,7044,17610,31111,198,83,11,0,198,81,12,0,390,171,24,2
657,11740,8218,15262,35220,200,71,14,2,201,80,11,1,388,173,26,0
658,10566,11740,22893,45199,203,75,12,2,206,68,17,1,397,159,27,4
659,11153,11740,17610,40503,203,73,13,2,204,71,14,2,392,165,30,0
660,8805,9392,20545,38742,203,78,12,1,198,73,16,0,395,161,29,2
661,7631,9392,22893,39916,196,82,10,1,196,79,10,2,400,150,36,1
662,12327,8805,20545,41677,204,69,15,2,198,78,12,1,396,158,32,1
663,10566,14088,17023,41677,203,75,12,2,209,66,15,3,391,167,29,0
664,9979,6457,19958,36394,205,74,14,1,199,83,11,0,392,169,22,4
665,9979,9392,17610,36981,189,74,14,1,203,76,13,1,390,171,24,2
666,12914,8218,27589,48721,207,73,10,4,201,80,11,1,406,140,38,3
667,12327,11740,24654,48721,204,72,12,3,208,68,17,1,398,159,24,6
668,8805,11153,22306,42264,204,75,15,0,200,70,16,1,395,164,23,5
669,10566,8218,18784,37568,206,72,15,1,200,77,14,0,394,161,32,0
670,11740,12327,19958,44025,206,74,11,3,207,66,18,1,394,163,28,2
671,13501,12914,18197,44612,209,68,14,3,210,64,19,1,392,166,28,1
672,6457,8805,17610,32872,197,86,8,1,203,75,15,0,391,168,27,1
673,10566,7631,18197,36394,205,75,12,2,200,82,10,1,392,166,28,1
674,5870,5283,19371,30524,196,85,10,0,194,87,9,0,393,165,27,2
675,7044,9979,23480,40503,193,81,12,0,203,77,11,2,400,151,34,2
676,16436,11153,19371,46960,207,58,19,3,206,70,16,1,394,162,30,1
677,10566,7631,18197,36394,204,72,15,1,200,85,7,2,392,166,28,1
678,5870,6457,18784,31111,195,85,10,0,196,83,11,0,391,170,23,3
679,9979,10566,24067,44612,204,77,11,2,204,75,12,2,401,149,35,2
680,8805,8218,21719,38742,202,78,12,1,201,80,11,1,396,160,28,3
681,8805,11740,24654,45199,191,75,15,0,208,68,17,1,401,150,33,3
682,5870,8805,23480,38155,198,85,10,0,197,78,12,1,399,154,31,3
683,18784,8805,21132,48721,213,62,11,7,201,78,12,1,397,156,33,1
684,8805,10566,27589,46960,203,78,12,1,205,75,12,2,406,140,38,3
685,9979,9392,18197,37568,193,80,8,3,203,76,13,1,392,166,28,1
686,13501,8218,21719,43438,210,65,17,2,202,77,14,0,396,160,28,3
687,7631,8805,24067,40503,189,79,13,0,203,78,12,1,399,155,29,4
688,8805,11153,19958,39916,203,75,15,0,203,73,13,2,395,160,31,1
689,8218,3522,17610,29350,201,77,14,0,194,93,6,0,390,171,24,2
690,10566,10566,22306,43438,206,72,15,1,206,72,15,1,397,158,29,3
691,4696,6457,18784,29937,197,89,8,0,199,83,11,0,393,164,29,1
692,7044,11153,24654,42851,201,81,12,0,208,67,19,0,400,153,30,4
693,9979,18197,31111,59287,205,74,14,1,208,64,10,7,407,143,29,8
694,8218,8805,17610,34633,199,80,11,1,202,78,12,1,390,171,24,2
695,7631,11740,22306,41677,197,82,10,1,202,68,17,1,397,158,29,3
696,6457,8218,30524,45199,192,83,11,0,200,77,14,0,407,142,31,7
697,12914,14088,20545,47547,187,70,13,3,209,66,15,3,396,158,32,1
698,6457,8218,17610,32285,197,86,8,1,196,80,11,1,391,168,27,1
699,5283,6457,23480,35220,195,87,9,0,199,83,11,0,397,160,25,5
700,8218,8218,20545,36981,199,77,14,0,201,83,8,2,394,164,26,3
701,3522,12327,18784,34633,193,93,6,0,197,69,15,2,393,164,29,1
702,10566,5870,23480,39916,203,72,15,1,196,85,10,0,401,148,37,1
703,9392,11740,21719,42851,199,76,13,1,205,71,14,2,399,151,37,0
704,10566,8805,27002,46373,207,69,18,0,204,75,15,0,403,148,31,5
705,9392,8218,25828,43438,200,79,10,2,200,80,11,1,404,143,38,2
706,9392,5870,20545,35807,202,79,10,2,194,85,10,0,396,158,32,1
707,8805,14675,21719,45199,203,75,15,0,204,64,16,3,397,157,31,2
708,8805,8218,28176,45199,200,81,9,2,201,77,14,0,405,144,33,5
709,7044,3522,19958,30524,200,81,12,0,195,93,6,0,395,160,31,1
710,7044,10566,18784,36394,198,81,12,0,205,75,12,2,391,170,23,3
711,4696,11153,21719,37568,190,89,8,0,203,70,16,1,396,160,28,3
712,10566,11153,17023,38742,202,75,12,2,204,67,19,0,390,170,26,1
713,8805,15262,19958,44025,200,75,15,0,209,62,17,3,394,163,28,2
714,11740,13501,22306,47547,198,74,11,3,208,71,11,4,396,161,26,4
715,9392,8805,24654,42851,203,79,10,2,202,75,15,0,401,150,33,3
716,11740,7631,21719,41090,204,74,11,3,194,82,10,1,397,157,31,2
717,7044,12327,21719,41090,194,84,9,1,207,72,12,3,396,160,28,3
718,7044,8218,17023,32285,200,81,12,0,199,80,11,1,391,167,29,0
719,11153,10566,19371,41090,204,70,16,1,202,75,12,2,393,165,27,2
720,8218,5870,20545,34633,203,77,14,0,196,88,7,1,395,161,29,2
721,15262,11153,23480,49895,211,65,14,4,202,70,16,1,400,151,34,2
722,5283,8805,24067,38155,192,87,9,0,196,78,12,1,398,158,26,5
723,5283,12914,19958,38155,196,90,6,1,208,67,16,2,394,163,28,2
724,12327,7044,22893,42264,205,72,12,3,200,84,9,1,397,159,27,4
725,8218,9979,19958,38155,200,77,14,0,204,77,11,2,395,160,31,1
726,14088,8805,22306,45199,209,66,15,3,202,75,15,0,396,161,26,4
727,11153,7631,22893,41677,204,73,13,2,201,82,10,1,397,159,27,4
728,14675,9979,18784,43438,210,67,13,4,204,74,14,1,394,161,32,0
729,6457,6457,20545,33459,198,86,8,1,196,83,11,0,396,158,32,1
730,5283,4696,21132,31111,197,87,9,0,192,89,8,0,397,156,33,1
731,10566,13501,19371,43438,207,69,18,0,208,71,11,4,393,165,27,2
732,12914,12327,19958,45199,208,67,16,2,202,69,15,2,396,157,34,0
733,7044,9392,19371,35807,198,84,9,1,204,76,13,1,392,168,24,3
734,12914,13501,27589,54004,210,64,19,1,206,68,14,3,405,143,35,4
735,11740,5283,17023,34046,200,71,14,2,198,87,9,0,390,170,26,1
736,6457,11740,19958,38155,199,86,8,1,206,68,17,1,391,172,19,5
737,5870,9392,25241,40503,197,88,7,1,203,76,13,1,402,148,34,3
738,11153,9392,22893,43438,206,73,13,2,205,73,16,0,396,162,24,5
739,8218,8218,24654,41090,202,80,11,1,202,80,11,1,400,153,30,4
740,12914,7631,19958,40503,207,70,13,3,200,82,10,1,394,163,28,2
741,7044,8218,15849,31111,199,81,12,0,199,77,14,0,388,174,24,1
742,5283,8805,19958,34046,193,87,9,0,202,75,15,0,396,157,34,0
743,8218,11153,24067,43438,202,80,11,1,206,70,16,1,400,152,32,3
744,7044,8805,14675,30524,200,81,12,0,203,78,12,1,387,175,25,0
745,7044,13501,21132,41677,201,81,12,0,208,65,17,2,393,168,21,5
746,11740,9392,21719,42851,205,74,11,3,202,76,13,1,394,166,22,5
747,9392,11740,24067,45199,205,73,16,0,208,68,17,1,400,152,32,3
748,9979,11740,21719,43438,205,74,14,1,197,68,17,1,397,157,31,2
749,11740,8218,17610,37568,206,71,14,2,202,80,11,1,389,174,21,3
750,10566,9392,18784,38742,205,72,15,1,203,79,10,2,393,164,29,1
751,9392,15262,12914,37568,201,76,13,1,209,62,17,3,384,181,22,0
752,10566,11740,19371,41677,206,72,15,1,207,68,17,1,394,162,30,1
753,8218,9392,18197,35807,202,77,14,0,193,79,10,2,392,166,28,1
754,9392,10566,17610,37568,202,79,10,2,198,75,12,2,391,168,27,1
755,12327,7631,22306,42264,206,69,15,2,200,82,10,1,397,158,29,3
756,8218,5283,22893,36394,203,77,14,0,194,90,6,1,398,156,30,3
757,10566,7044,17610,35220,201,72,15,1,197,84,9,1,391,168,27,1
758,10566,6457,19958,36981,202,72,15,1,198,86,8,1,395,160,31,1
759,11740,10566,15262,37568,203,71,14,2,205,69,18,0,387,176,23,1
760,7044,4696,20545,32285,198,81,12,0,194,89,8,0,394,164,26,3
761,8805,12914,27589,49308,198,75,15,0,207,70,13,3,405,143,35,4
762,14088,8805,30524,53417,210,66,15,3,203,78,12,1,409,136,37,5
763,7631,12914,19958,40503,196,82,10,1,209,64,19,1,395,160,31,1
764,12914,12914,15849,41677,204,67,16,2,206,70,13,3,387,177,21,2
765,4696,5870,21132,31698,194,89,8,0,199,85,10,0,394,165,24,4
766,11740,14675,22306,48721,207,68,17,1,210,64,16,3,396,161,26,4
767,4109,12327,18784,35220,195,91,7,0,209,66,18,1,391,170,23,3
768,8218,4696,24654,37568,193,80,11,1,197,89,8,0,398,159,24,6
769,9392,8218,24067,41677,204,73,16,0,202,77,14,0,399,155,29,4
770,7044,7631,21132,35807,199,81,12,0,202,79,13,0,395,162,27,3
771,6457,8218,21719,36394,200,83,11,0,198,80,11,1,398,154,34,1
772,5870,12914,17610,36394,199,85,10,0,208,64,19,1,391,168,27,1
773,7631,8805,25241,41677,196,82,10,1,202,75,15,0,399,157,25,6
774,18197,8805,21719,48721,216,55,19,4,196,75,15,0,398,154,34,1
775,10566,10566,18197,39329,204,75,12,2,202,75,12,2,391,169,25,2
776,17610,9392,24067,51069,211,57,18,4,203,79,10,2,401,149,35,2
777,11740,7044,18784,37568,203,68,17,1,198,81,12,0,393,164,29,1
778,11153,7044,24067,42264,202,73,13,2,200,81,12,0,401,149,35,2
779,5870,14088,23480,43438,197,85,10,0,202,69,12,4,398,157,28,4
780,14675,9979,19371,44025,208,70,10,5,205,74,14,1,393,165,27,2
781,9392,9392,25828,44612,204,76,13,1,204,76,13,1,402,149,32,4
782,12914,6457,15849,35220,205,70,13,3,193,86,8,1,389,171,27,0
783,7044,9979,21719,38742,199,81,12,0,206,71,17,0,395,163,25,4
784,9979,8805,25828,44612,204,71,17,0,202,81,9,2,404,143,38,2
785,10566,2348,20545,33459,200,72,15,1,192,97,4,0,395,161,29,2
786,11153,9392,15849,36394,206,70,16,1,200,79,10,2,389,171,27,0
787,5283,4109,19371,28763,197,87,9,0,194,91,7,0,392,168,24,3
788,11153,4696,14675,30524,202,70,16,1,190,89,8,0,387,175,25,0
789,12914,8805,24067,45786,208,61,22,0,203,75,15,0,398,158,26,5
790,11740,9979,21719,43438,204,71,14,2,201,74,14,1,397,157,31,2
791,12327,9392,26415,48134,204,72,12,3,204,76,13,1,401,153,27,6
792,7631,10566,18784,36981,200,79,13,0,206,72,15,1,392,167,26,2
793,5870,9392,22306,37568,199,85,10,0,205,73,16,0,398,155,32,2
794,11740,8805,19958,40503,192,71,14,2,197,78,12,1,394,163,28,2
795,8805,11153,25828,45786,197,78,12,1,204,70,16,1,403,146,35,3
796,11740,10566,17610,39916,206,71,14,2,205,69,18,0,389,174,21,3
797,7044,15262,20545,42851,199,84,9,1,209,65,14,4,395,161,29,2
798,9392,6457,19958,35807,203,79,10,2,200,83,11,0,393,166,25,3
799,10566,7044,20545,38155,201,72,15,1,197,81,12,0,394,164,26,3
800,7044,11153,21132,39329,192,84,9,1,205,73,13,2,396,159,30,2
801,9392,10566,27002,46960,205,73,16,0,203,78,9,3,400,157,22,8
802,8805,8218,15262,32285,197,84,6,3,202,80,11,1,387,176,23,1
803,7044,10566,24067,41677,197,81,12,0,201,75,12,2,400,152,32,3
804,11153,8218,22306,41677,202,73,13,2,193,80,11,1,394,167,20,6
805,9979,11153,24654,45786,205,74,14,1,206,73,13,2,399,156,27,5
806,11740,6457,23480,41677,199,68,17,1,196,83,11,0,399,154,31,3
807,7044,9979,24067,41090,201,81,12,0,205,74,14,1,400,152,32,3
808,7631,7631,21719,36981,198,82,10,1,198,79,13,0,397,157,31,2
809,7631,9392,21132,38155,198,82,10,1,202,82,7,3,394,165,24,4
810,8218,8805,20545,37568,203,77,14,0,202,78,12,1,395,161,29,2
811,5283,8218,15849,29350,188,87,9,0,201,80,11,1,388,174,24,1
812,8218,9392,25241,42851,199,83,8,2,203,73,16,0,399,157,25,6
813,7631,19958,20545,48134,197,82,10,1,215,49,22,4,394,164,26,3
814,11153,8805,18784,38742,206,70,16,1,204,75,15,0,391,170,23,3
815,4696,10566,23480,38742,197,89,8,0,205,72,15,1,396,163,22,6
816,12914,11153,17610,41677,207,67,16,2,202,73,13,2,389,174,21,3
817,7044,9979,21132,38155,201,81,12,0,201,77,11,2,396,159,30,2
818,9979,12327,18784,41090,202,77,11,2,208,69,15,2,392,167,26,2
819,7044,8805,19371,35220,200,84,9,1,203,78,12,1,391,171,21,4
820,4696,4696,24067,33459,197,89,8,0,189,89,8,0,398,158,26,5
821,12914,7044,24067,44025,206,70,13,3,201,81,12,0,399,155,29,4
822,5870,11740,25828,43438,198,85,10,0,202,71,14,2,403,146,35,3
823,8218,16436,21719,46373,202,80,11,1,212,64,13,5,396,160,28,3
824,8218,7044,18197,33459,200,83,8,2,200,84,9,1,392,166,28,1
825,7631,8805,14088,30524,194,82,10,1,201,78,12,1,385,180,21,1
826,11740,10566,19958,42264,204,71,14,2,205,72,15,1,395,160,31,1
827,8805,8218,14675,31698,203,78,12,1,202,77,14,0,384,184,16,3
828,9979,11740,22306,44025,200,74,14,1,207,71,14,2,397,158,29,3
829,11740,17023,18784,47547,206,71,14,2,211,62,14,5,393,164,29,1
830,8218,9392,19371,36981,202,80,11,1,200,76,13,1,392,168,24,3
831,5870,9392,19371,34633,198,88,7,1,204,76,13,1,392,168,24,3
832,7631,13501,19958,41090,199,82,10,1,210,65,17,2,395,160,31,1
833,9979,15849,20545,46373,203,74,14,1,208,63,15,4,394,164,26,3
834,8805,6457,17023,32285,204,75,15,0,200,83,11,0,389,173,23,2
835,8805,7631,21719,38155,199,78,12,1,201,82,10,1,396,160,28,3
836,7631,8218,22306,38155,201,82,10,1,201,77,14,0,397,158,29,3
837,14088,12914,25828,52830,206,69,12,4,203,67,16,2,401,152,29,5
838,10566,5870,20545,36981,204,69,18,0,198,85,10,0,395,161,29,2
839,6457,6457,19371,32285,200,83,11,0,199,83,11,0,393,165,27,2
840,9392,5870,18197,33459,203,76,13,1,199,85,10,0,391,169,25,2
841,6457,9979,23480,39916,198,86,8,1,203,74,14,1,398,157,28,4
842,7044,11153,31698,49895,200,81,12,0,206,73,13,2,405,150,21,11
843,12327,17023,23480,52830,204,66,18,1,214,53,23,2,400,151,34,2
844,4109,6457,26415,36981,196,91,7,0,200,83,11,0,401,153,27,6
845,12327,7631,22306,42264,205,72,12,3,187,82,10,1,397,158,29,3
846,14088,9392,24067,47547,210,66,15,3,198,76,13,1,400,152,32,3
847,9979,9392,20545,39916,205,74,14,1,204,73,16,0,394,164,26,3
848,9979,9392,23480,42851,205,74,14,1,202,79,10,2,401,148,37,1
849,8805,5283,20545,34633,201,75,15,0,192,90,6,1,393,167,23,4
850,14675,6457,22306,43438,211,64,16,3,199,83,11,0,397,158,29,3
851,11153,8805,17610,37568,204,73,13,2,198,75,15,0,388,177,18,4
852,5870,9392,18197,33459,195,85,10,0,203,79,10,2,393,163,31,0
853,8805,11740,24067,44612,201,78,12,1,205,71,14,2,399,155,29,4
854,9392,10566,22893,42851,205,73,16,0,206,72,15,1,400,150,36,1
855,7044,12914,17610,37568,195,81,12,0,205,64,19,1,390,171,24,2
856,6457,7631,18197,32285,199,83,11,0,201,82,10,1,392,166,28,1
857,14088,15849,21132,51069,210,66,15,3,205,66,12,5,397,156,33,1
858,5283,14088,19371,38742,193,87,9,0,207,66,15,3,394,162,30,1
859,9392,5283,19371,34046,203,73,16,0,198,87,9,0,395,159,33,0
860,12914,11153,22893,46960,209,67,16,2,205,73,13,2,398,156,30,3
861,6457,5870,24067,36394,198,86,8,1,197,85,10,0,400,152,32,3
862,7631,8805,25241,41677,201,79,13,0,202,75,15,0,400,154,28,5
863,12914,10566,22306,45786,208,70,13,3,205,72,15,1,396,161,26,4
864,9979,8805,19958,38742,200,74,14,1,203,78,12,1,394,163,28,2
865,14675,10566,22306,47547,206,61,19,2,202,75,12,2,395,164,23,5
866,4696,12914,23480,41090,194,89,8,0,209,67,16,2,398,157,28,4
867,7631,9392,19371,36394,199,79,13,0,203,76,13,1,392,168,24,3
868,5283,10566,24654,40503,198,87,9,0,205,72,15,1,402,147,36,2
869,11153,10566,19958,41677,194,73,13,2,207,69,18,0,392,169,22,4
870,14088,13501,19958,47547,209,69,12,4,209,68,14,3,394,163,28,2
871,9979,9392,18784,38155,201,74,14,1,199,79,10,2,392,167,26,2
872,9392,4109,22306,35807,201,76,13,1,191,91,7,0,398,155,32,2
873,7044,7631,23480,38155,195,81,12,0,200,82,10,1,397,160,25,5
874,12327,11153,22893,46373,205,66,18,1,206,73,13,2,397,159,27,4
875,11740,5870,21719,39329,196,68,17,1,196,85,10,0,396,160,28,3
876,8805,9979,21132,39916,203,78,12,1,200,77,11,2,396,159,30,2
877,11740,12327,28176,52243,207,71,14,2,204,66,18,1,404,147,30,6
878,8805,6457,21719,36981,202,75,15,0,197,86,8,1,396,160,28,3
879,8218,10566,15849,34633,202,80,11,1,202,72,15,1,387,177,21,2
880,7631,9979,19371,36981,201,79,13,0,199,77,11,2,393,165,27,2
881,8805,9392,17610,35807,203,78,12,1,201,79,10,2,390,171,24,2
882,7631,5870,23480,36981,201,79,13,0,196,85,10,0,399,154,31,3
883,9979,7044,18784,35807,203,80,8,3,198,87,6,2,392,167,26,2
884,11740,7631,19958,39329,207,71,14,2,201,82,10,1,394,163,28,2
885,12327,10566,17023,39916,209,66,18,1,203,72,15,1,390,170,26,1
886,8218,10566,23480,42264,196,77,14,0,196,75,12,2,400,151,34,2
887,12914,8805,19958,41677,204,70,13,3,193,78,12,1,393,166,25,3
888,13501,6457,19371,39329,209,68,14,3,199,83,11,0,394,162,30,1
889,11740,5283,28176,45199,206,71,14,2,193,90,6,1,404,147,30,6
890,11740,11153,19371,42264,205,68,17,1,204,76,10,3,394,162,30,1
891,18784,5870,22306,46960,214,50,23,3,199,85,10,0,398,155,32,2
892,11740,9392,16436,37568,207,68,17,1,204,73,16,0,389,172,25,1
893,9392,5283,22893,37568,202,79,10,2,198,87,9,0,397,159,27,4
894,7044,12914,23480,43438,198,84,9,1,204,67,16,2,397,160,25,5
895,11740,6457,18197,36394,202,68,17,1,199,86,8,1,392,166,28,1
896,11153,6457,19958,37568,204,73,13,2,200,83,11,0,393,166,25,3
897,10566,7044,19958,37568,204,72,15,1,191,84,9,1,393,166,25,3
898,4109,7044,15849,27002,194,91,7,0,201,81,12,0,385,183,15,4
899,8805,7631,18784,35220,204,75,15,0,196,82,10,1,393,164,29,1
900,4109,11740,27002,42851,196,91,7,0,206,71,14,2,402,151,28,6
901,9392,9392,18197,36981,200,76,13,1,203,73,16,0,392,166,28,1
902,14088,9979,20545,44612,205,69,12,4,206,71,17,0,395,161,29,2
903,3522,14675,18784,36981,193,93,6,0,209,67,13,4,390,173,20,4
904,8218,7044,17610,32872,196,77,14,0,198,81,12,0,390,171,24,2
905,9979,8805,19371,38155,204,77,11,2,197,78,12,1,393,165,27,2
906,10566,12914,20545,44025,200,75,12,2,209,61,22,0,395,161,29,2
907,8805,7631,19371,35807,204,75,15,0,200,79,13,0,392,168,24,3
908,18784,6457,20545,45786,211,62,11,7,199,83,11,0,394,164,26,3
909,8218,6457,24067,38742,202,77,14,0,198,83,11,0,399,155,29,4
910,11153,8218,17610,36981,203,73,13,2,202,77,14,0,392,165,30,0
911,11153,11153,24067,46373,205,70,16,1,200,76,10,3,398,158,26,5
912,6457,9979,21132,37568,198,83,11,0,202,74,14,1,395,162,27,3
913,10566,9979,18197,38742,206,72,15,1,205,74,14,1,390,172,22,3
914,11153,9392,24654,45199,206,70,16,1,203,76,13,1,399,156,27,5
915,13501,8218,17023,38742,208,68,14,3,202,77,14,0,389,173,23,2
916,11153,6457,17610,35220,203,73,13,2,200,83,11,0,392,165,30,0
917,11153,8218,25241,44612,204,73,13,2,202,77,14,0,402,148,34,3
918,9392,15262,19958,44612,202,82,7,3,208,68,11,5,395,160,31,1
919,5283,11153,22306,38742,196,87,9,0,205,70,16,1,398,155,32,2
920,5870,9979,13501,29350,197,85,10,0,206,71,17,0,384,182,20,1
921,10566,16436,16436,43438,206,69,18,0,214,58,19,3,389,172,25,1
922,7044,9979,25241,42264,197,84,9,1,203,77,11,2,398,160,22,7
923,5870,10566,22306,38742,196,85,10,0,202,72,15,1,397,158,29,3
924,9392,4109,18784,32285,205,73,16,0,191,91,7,0,389,176,17,5
925,8218,6457,22306,36981,201,77,14,0,193,83,11,0,398,155,32,2
926,5870,7631,19958,33459,199,85,10,0,202,79,13,0,396,157,34,0
927,8805,9392,24654,42851,202,78,12,1,205,73,16,0,402,147,36,2
928,5283,11740,23480,40503,194,87,9,0,202,71,14,2,400,151,34,2
929,5283,14088,31111,50482,197,90,6,1,206,66,15,3,409,137,35,6
930,7631,14675,18784,41090,201,79,13,0,207,64,16,3,391,170,23,3
931,7044,9392,20545,36981,198,81,12,0,200,76,13,1,394,164,26,3
932,4696,5283,22306,32285,188,89,8,0,197,90,6,1,397,158,29,3
933,7631,9392,24067,41090,192,79,13,0,203,79,10,2,398,158,26,5
934,12914,6457,29937,49308,210,64,19,1,199,86,8,1,406,144,30,7
935,8218,8805,20545,37568,200,80,11,1,203,78,12,1,396,158,32,1
936,6457,8805,21719,36981,200,83,11,0,199,81,9,2,397,157,31,2
937,7631,11153,21719,40503,199,82,10,1,202,76,10,3,396,160,28,3
938,12914,8805,21719,43438,208,70,13,3,204,75,15,0,398,154,34,1
939,9392,4109,22893,36394,204,76,13,1,192,91,7,0,399,153,33,2
940,9979,7044,27589,44612,201,77,11,2,201,81,12,0,402,152,26,7
941,5283,11740,24067,41090,198,87,9,0,207,71,14,2,398,158,26,5
942,8805,7631,22306,38742,203,78,12,1,199,79,13,0,397,158,29,3
943,11153,12327,17023,40503,206,73,13,2,207,66,18,1,390,170,26,1
944,11153,8218,21719,41090,193,70,16,1,196,80,11,1,396,160,28,3
945,9979,6457,19958,36394,196,74,14,1,199,83,11,0,394,163,28,2
946,12327,11153,18197,41677,208,69,15,2,206,73,13,2,391,169,25,2
947,8805,10566,25241,44612,195,78,12,1,206,72,15,1,399,157,25,6
948,4109,5283,18784,28176,196,91,7,0,197,87,9,0,392,167,26,2
949,11740,8805,22306,42851,205,74,11,3,202,81,9,2,395,164,23,5
950,10566,7044,21132,38742,203,72,15,1,200,81,12,0,395,162,27,3
951,5870,7631,18784,32285,196,85,10,0,202,79,13,0,392,167,26,2
952,9392,10566,22893,42851,204,76,13,1,206,72,15,1,397,159,27,4
953,8805,5870,22893,37568,198,75,15,0,199,85,10,0,397,159,27,4
954,7044,7631,25828,40503,200,84,9,1,200,79,13,0,401,152,29,5
955,9392,12327,18197,39916,201,79,10,2,197,69,15,2,390,172,22,3
956,9979,5870,17023,32872,204,74,14,1,196,85,10,0,389,173,23,2
957,7044,7631,26415,41090,200,84,9,1,201,79,13,0,402,150,30,5
958,12327,5283,15849,33459,209,66,18,1,194,87,9,0,387,177,21,2
959,15262,6457,21132,42851,210,65,14,4,199,83,11,0,394,165,24,4
960,9392,12914,16436,38742,204,76,13,1,207,70,13,3,388,175,22,2
961,7631,10566,17610,35807,199,82,10,1,205,72,15,1,391,168,27,1
962,12914,14675,17023,44612,201,64,19,1,208,64,16,3,391,167,29,0
963,12327,10566,19371,42264,207,66,18,1,206,72,15,1,392,168,24,3
964,6457,11740,21719,39916,197,83,11,0,206,71,14,2,397,157,31,2
965,13501,8805,19371,41677,208,65,17,2,203,78,12,1,394,162,30,1
966,9979,6457,24654,41090,205,74,14,1,200,83,11,0,400,153,30,4
967,13501,5870,25241,44612,203,68,14,3,196,88,7,1,400,154,28,5
968,11153,8218,25241,44612,206,67,19,0,202,77,14,0,398,160,22,7
969,11153,5870,18197,35220,203,73,13,2,197,85,10,0,392,166,28,1
970,5283,12327,17023,34633,186,87,9,0,206,72,12,3,391,167,29,0
971,7044,10566,23480,41090,196,81,12,0,194,72,15,1,398,157,28,4
972,11740,12914,27589,52243,207,71,14,2,207,67,16,2,403,149,29,6
973,12327,5283,20545,38155,208,69,15,2,177,87,9,0,394,164,26,3
974,10566,16436,27589,54591,207,69,18,0,204,58,19,3,403,149,29,6
975,12327,11740,23480,47547,197,66,18,1,205,74,11,3,400,151,34,2
976,11740,8805,19371,39916,207,71,14,2,200,81,9,2,392,168,24,3
977,7631,9392,24654,41677,201,79,13,0,204,76,13,1,401,150,33,3
978,13501,7044,29350,49895,210,65,17,2,200,81,12,0,409,134,41,3
979,12327,12914,19958,45199,207,66,18,1,201,73,10,4,394,163,28,2
980,10566,8805,20545,39916,201,75,12,2,201,78,12,1,394,164,26,3
981,10566,7044,21719,39329,189,75,12,2,200,81,12,0,394,166,22,5
982,15262,7631,20545,43438,210,62,17,3,200,82,10,1,395,161,29,2
983,12914,9979,23480,46373,209,67,16,2,193,77,11,2,399,154,31,3
984,7631,9392,19371,36394,201,82,10,1,202,73,16,0,392,168,24,3
985,5283,9979,16436,31698,198,87,9,0,205,71,17,0,387,178,19,3
986,9979,11153,20545,41677,204,74,14,1,203,76,10,3,393,167,23,4
987,6457,9979,15262,31698,198,83,11,0,204,74,14,1,387,176,23,1
988,5870,8218,27589,41677,194,85,10,0,194,80,11,1,405,143,35,4
989,5870,7044,24067,36981,198,85,10,0,200,84,9,1,398,158,26,5
990,4109,7044,25828,36981,194,91,7,0,201,81,12,0,400,155,26,6
991,5870,7631,21132,34633,197,85,10,0,201,79,13,0,396,159,30,2
992,6457,8805,21132,36394,199,83,11,0,203,78,12,1,395,162,27,3
993,9392,12327,27589,49308,203,76,13,1,208,69,15,2,405,143,35,4
994,14675,6457,15262,36394,210,61,19,2,195,83,11,0,386,179,20,2
995,7631,7044,20545,35220,202,79,13,0,198,81,12,0,395,161,29,2
996,5870,7044,21719,34633,191,85,10,0,201,81,12,0,397,157,31,2
997,9392,8805,22893,41090,202,76,13,1,204,75,15,0,397,159,27,4
998,9392,7044,22893,39329,195,76,13,1,200,81,12,0,395,165,21,6
999,5283,8218,18784,32285,197,87,9,0,199,77,14,0,391,170,23,3
